# ************************************************************
# Sequel Pro SQL dump
# バージョン 4541
#
# http://www.sequelpro.com/
# https://github.com/sequelpro/sequelpro
#
# ホスト: localhost (MySQL 5.6.37)
# データベース: eapi
# 作成時刻: 2018-03-28 05:22:50 +0000
# ************************************************************


/*!40101 SET @OLD_CHARACTER_SET_CLIENT=@@CHARACTER_SET_CLIENT */;
/*!40101 SET @OLD_CHARACTER_SET_RESULTS=@@CHARACTER_SET_RESULTS */;
/*!40101 SET @OLD_COLLATION_CONNECTION=@@COLLATION_CONNECTION */;
/*!40101 SET NAMES utf8 */;
/*!40014 SET @OLD_FOREIGN_KEY_CHECKS=@@FOREIGN_KEY_CHECKS, FOREIGN_KEY_CHECKS=0 */;
/*!40101 SET @OLD_SQL_MODE=@@SQL_MODE, SQL_MODE='NO_AUTO_VALUE_ON_ZERO' */;
/*!40111 SET @OLD_SQL_NOTES=@@SQL_NOTES, SQL_NOTES=0 */;


# テーブルのダンプ migrations
# ------------------------------------------------------------

DROP TABLE IF EXISTS `migrations`;

CREATE TABLE `migrations` (
  `id` int(10) unsigned NOT NULL AUTO_INCREMENT,
  `migration` varchar(191) COLLATE utf8mb4_unicode_ci NOT NULL,
  `batch` int(11) NOT NULL,
  PRIMARY KEY (`id`)
) ENGINE=InnoDB DEFAULT CHARSET=utf8mb4 COLLATE=utf8mb4_unicode_ci;

LOCK TABLES `migrations` WRITE;
/*!40000 ALTER TABLE `migrations` DISABLE KEYS */;

INSERT INTO `migrations` (`id`, `migration`, `batch`)
VALUES
	(1,'2014_10_12_000000_create_users_table',1),
	(2,'2014_10_12_100000_create_password_resets_table',1),
	(3,'2018_03_28_045741_create_products_table',1),
	(4,'2018_03_28_045759_create_reviews_table',2);

/*!40000 ALTER TABLE `migrations` ENABLE KEYS */;
UNLOCK TABLES;


# テーブルのダンプ password_resets
# ------------------------------------------------------------

DROP TABLE IF EXISTS `password_resets`;

CREATE TABLE `password_resets` (
  `email` varchar(191) COLLATE utf8mb4_unicode_ci NOT NULL,
  `token` varchar(191) COLLATE utf8mb4_unicode_ci NOT NULL,
  `created_at` timestamp NULL DEFAULT NULL,
  KEY `password_resets_email_index` (`email`)
) ENGINE=InnoDB DEFAULT CHARSET=utf8mb4 COLLATE=utf8mb4_unicode_ci;



# テーブルのダンプ products
# ------------------------------------------------------------

DROP TABLE IF EXISTS `products`;

CREATE TABLE `products` (
  `id` int(10) unsigned NOT NULL AUTO_INCREMENT,
  `name` varchar(191) COLLATE utf8mb4_unicode_ci NOT NULL,
  `detail` text COLLATE utf8mb4_unicode_ci NOT NULL,
  `price` int(11) NOT NULL,
  `stock` int(11) NOT NULL,
  `discount` int(11) NOT NULL,
  `created_at` timestamp NULL DEFAULT NULL,
  `updated_at` timestamp NULL DEFAULT NULL,
  PRIMARY KEY (`id`)
) ENGINE=InnoDB DEFAULT CHARSET=utf8mb4 COLLATE=utf8mb4_unicode_ci;

LOCK TABLES `products` WRITE;
/*!40000 ALTER TABLE `products` DISABLE KEYS */;

INSERT INTO `products` (`id`, `name`, `detail`, `price`, `stock`, `discount`, `created_at`, `updated_at`)
VALUES
	(1,'eum','Amet expedita ut dolorum doloribus rerum. Impedit dignissimos accusantium molestiae sed veniam. Qui officia quia magnam voluptatem voluptas culpa et. Velit laborum mollitia quia dolore laboriosam est.',952,7,13,'2018-03-28 05:20:48','2018-03-28 05:20:48'),
	(2,'distinctio','Aliquid id eum aut autem quia dolor. Odio non qui sint fugiat laudantium qui quia. Ut voluptas pariatur reiciendis enim eum explicabo autem. Iste et aliquid enim ut vel repellendus sint.',995,6,7,'2018-03-28 05:20:48','2018-03-28 05:20:48'),
	(3,'ab','Dolor animi quis quidem est. Optio reprehenderit et et quidem libero.',301,1,23,'2018-03-28 05:20:48','2018-03-28 05:20:48'),
	(4,'non','Beatae minima reprehenderit accusamus labore nam eum nam nemo. Et quod vel sapiente a. Nemo odit quia quos eum cum.',984,6,28,'2018-03-28 05:20:48','2018-03-28 05:20:48'),
	(5,'consequatur','Et sed amet cupiditate ut. Reprehenderit et ut quod excepturi eos suscipit. Consequatur perspiciatis enim non illo sit.',286,6,17,'2018-03-28 05:20:48','2018-03-28 05:20:48'),
	(6,'in','Consequatur praesentium quod ducimus est. Est deleniti libero minima minima sapiente odit explicabo. Sunt earum optio quia repellendus.',518,6,9,'2018-03-28 05:20:48','2018-03-28 05:20:48'),
	(7,'nihil','A quam inventore et corporis inventore et vitae. Aut delectus est enim dolorem. Dolores blanditiis hic sit officia sint aut. Animi et repellat ea rem consequuntur. Vero et laborum corrupti ipsum modi enim.',355,6,6,'2018-03-28 05:20:48','2018-03-28 05:20:48'),
	(8,'autem','Ducimus modi ipsum eaque et ipsum et voluptatum. Esse voluptatem numquam quia soluta iure omnis. Non nihil ullam libero deleniti nulla assumenda dolorem. Et rerum ea fugit quo id.',706,1,15,'2018-03-28 05:20:48','2018-03-28 05:20:48'),
	(9,'nemo','Distinctio est est aut in veritatis. Quo ut voluptate libero provident cum et ipsam cupiditate. Fuga aut voluptatem voluptas est sit tempore eum.',934,5,6,'2018-03-28 05:20:48','2018-03-28 05:20:48'),
	(10,'corrupti','Corporis quaerat earum cupiditate quia dolores blanditiis consequatur veritatis. Ad expedita nemo id ratione. Quisquam consectetur voluptatum magni voluptas aliquam expedita.',361,7,30,'2018-03-28 05:20:48','2018-03-28 05:20:48'),
	(11,'velit','Quisquam nesciunt ex assumenda voluptatem. Suscipit voluptas possimus odit reprehenderit occaecati. Quo ad minus eligendi omnis voluptatum.',211,2,16,'2018-03-28 05:20:48','2018-03-28 05:20:48'),
	(12,'sed','Vitae cumque tempora neque unde placeat sit ea enim. Quo perferendis sit adipisci ad. Voluptatem iure reprehenderit vitae ex dolor itaque.',826,7,5,'2018-03-28 05:20:48','2018-03-28 05:20:48'),
	(13,'voluptas','Occaecati sit aut qui impedit omnis quam. Est ut quisquam provident similique sit. Architecto quia sequi aut deserunt qui quis nemo et. Labore eaque dolor sed vitae aut repellat.',996,1,19,'2018-03-28 05:20:48','2018-03-28 05:20:48'),
	(14,'cupiditate','Culpa quisquam aliquid veniam non consectetur adipisci fuga. Nulla fuga quasi quo quas eaque doloremque consequatur nam. Accusamus inventore saepe rerum molestias dolor. Neque id est iure dolores illum nemo voluptas. Ab et ea quasi totam odit voluptas.',747,4,22,'2018-03-28 05:20:48','2018-03-28 05:20:48'),
	(15,'iure','Quo magnam necessitatibus ipsam consequuntur. Omnis et ipsa ut. Officiis porro accusamus aliquid et.',254,6,15,'2018-03-28 05:20:48','2018-03-28 05:20:48'),
	(16,'illo','Molestias inventore dignissimos voluptatibus nam. Voluptatum enim voluptas voluptas adipisci sapiente. Tempore culpa delectus perferendis repellendus aperiam recusandae omnis dolor.',434,7,23,'2018-03-28 05:20:48','2018-03-28 05:20:48'),
	(17,'fugiat','Ipsum sed rerum nisi sequi fugiat tenetur. Placeat consectetur omnis facilis facere id. Labore nostrum et ut impedit quidem.',593,2,6,'2018-03-28 05:20:48','2018-03-28 05:20:48'),
	(18,'nihil','Dolor culpa sit soluta et. Veritatis necessitatibus voluptatem error sed velit rerum. Quam ut quo voluptas voluptatem perspiciatis. Eos omnis ut fuga ut itaque blanditiis temporibus.',404,3,30,'2018-03-28 05:20:48','2018-03-28 05:20:48'),
	(19,'aut','Sed eum eveniet tenetur in voluptate eius. Sit ut voluptatum aliquam quidem optio eaque. Laborum ipsa sed dolore quia omnis aliquid. Sed accusamus animi earum laborum error nihil sunt dignissimos.',158,6,3,'2018-03-28 05:20:48','2018-03-28 05:20:48'),
	(20,'doloremque','Aperiam est molestias minima minima quo. Ex corporis optio aut molestiae et velit. Ea expedita quis et porro fuga.',314,8,18,'2018-03-28 05:20:48','2018-03-28 05:20:48'),
	(21,'dignissimos','Deserunt perferendis omnis est veritatis libero sed dolorem. Voluptates reiciendis cupiditate asperiores officiis ducimus aut quisquam. Est quia non iusto tenetur ut qui. Nesciunt consequatur aut ducimus et possimus magnam ad.',882,3,26,'2018-03-28 05:20:48','2018-03-28 05:20:48'),
	(22,'et','Dignissimos sit est reiciendis consequatur rerum. Quia molestiae et alias nisi expedita. Doloremque voluptatem nobis dolorum voluptatem numquam. Architecto placeat voluptatem facere eos velit iure sint.',251,2,24,'2018-03-28 05:20:48','2018-03-28 05:20:48'),
	(23,'sit','Quibusdam sit similique quis nulla neque optio ut adipisci. Voluptates sit vel facere et culpa asperiores. Commodi sed corporis at. Officia illo delectus voluptas et recusandae sapiente ut.',852,8,23,'2018-03-28 05:20:48','2018-03-28 05:20:48'),
	(24,'a','Quasi alias excepturi libero distinctio. Culpa sed sit pariatur. Cum accusamus non quis facere reprehenderit quo.',268,7,20,'2018-03-28 05:20:48','2018-03-28 05:20:48'),
	(25,'consequatur','Laudantium inventore optio ea earum. Consequatur aut perferendis sit voluptatum. Enim distinctio temporibus eveniet ut. Magnam explicabo dolor quam suscipit omnis voluptate qui nobis.',919,2,25,'2018-03-28 05:20:48','2018-03-28 05:20:48'),
	(26,'officiis','Ea enim ea eius qui iure. Et dolor libero optio et molestiae. Molestiae voluptas alias qui quaerat inventore voluptatem. Suscipit sit minus earum quia similique.',856,5,28,'2018-03-28 05:20:48','2018-03-28 05:20:48'),
	(27,'vel','Qui dolore non velit vero aut porro enim. Et libero velit non maiores quo dolor architecto ex. Explicabo soluta quae nisi reprehenderit sit quis.',818,5,12,'2018-03-28 05:20:48','2018-03-28 05:20:48'),
	(28,'et','Quaerat sed quo inventore et dolor. Eum voluptatem quis omnis provident. Necessitatibus perferendis molestiae voluptatum quod.',148,7,23,'2018-03-28 05:20:48','2018-03-28 05:20:48'),
	(29,'laboriosam','Maxime hic tempore consequatur qui ratione reiciendis aut voluptatem. Ipsa non eum ut eaque quo aliquid.',386,6,21,'2018-03-28 05:20:48','2018-03-28 05:20:48'),
	(30,'quia','Sunt tenetur blanditiis inventore quaerat amet dolorem minima voluptatum. Eius itaque doloremque aut nobis. Quisquam molestiae doloremque incidunt aut tempora adipisci id. Debitis veritatis qui vel quia sed dicta.',485,5,24,'2018-03-28 05:20:48','2018-03-28 05:20:48'),
	(31,'rem','Et quibusdam id vel est repellat minima et. Voluptatem optio perspiciatis molestias vitae necessitatibus dolorem doloribus. Accusamus quod cum reprehenderit dicta aut unde. Dolorum pariatur neque molestiae non.',222,3,18,'2018-03-28 05:20:48','2018-03-28 05:20:48'),
	(32,'aut','Nihil ut soluta deserunt eveniet sit labore dolores. Voluptatem nisi enim voluptatem tenetur eos.',929,5,14,'2018-03-28 05:20:48','2018-03-28 05:20:48'),
	(33,'dolor','Dignissimos quibusdam nisi molestiae natus temporibus similique ipsam. Modi ipsam doloribus accusantium voluptate eos aut incidunt. Mollitia quod laboriosam qui reprehenderit dolorem. Voluptatem ipsum animi perspiciatis.',791,4,10,'2018-03-28 05:20:48','2018-03-28 05:20:48'),
	(34,'eius','Neque et libero hic blanditiis doloribus. Veniam recusandae sit consequatur. Atque beatae nobis consequatur dolorem dolores. Aliquam debitis aliquam non explicabo harum sed temporibus.',382,2,17,'2018-03-28 05:20:48','2018-03-28 05:20:48'),
	(35,'autem','Similique facilis accusantium aut dolores hic eveniet. Et dolor dolor sunt aut omnis adipisci nihil. Et repellat eos fuga suscipit dolorum et reprehenderit possimus. Cumque reiciendis in aut qui et dolorem maxime.',810,5,2,'2018-03-28 05:20:48','2018-03-28 05:20:48'),
	(36,'sunt','Sed consequatur culpa sint. Ut quae aliquam quis quo quas cupiditate.',276,1,2,'2018-03-28 05:20:48','2018-03-28 05:20:48'),
	(37,'ut','Quam sapiente voluptatibus et veritatis nam. Qui porro eos iure qui optio. Consequatur autem numquam voluptas eum non. Commodi tenetur est facilis possimus qui.',804,6,28,'2018-03-28 05:20:48','2018-03-28 05:20:48'),
	(38,'aut','Consequatur sunt non recusandae quasi. Hic nostrum officia ea suscipit omnis suscipit a. Sapiente similique occaecati velit voluptatem repellat quia. Tempora et adipisci natus similique.',151,0,13,'2018-03-28 05:20:48','2018-03-28 05:20:48'),
	(39,'aut','Ea rerum in voluptatibus quam. Iure dolor eligendi non necessitatibus aut. Consequatur et assumenda eveniet optio autem ipsum impedit.',297,4,28,'2018-03-28 05:20:48','2018-03-28 05:20:48'),
	(40,'cupiditate','Doloribus odio quibusdam consequatur omnis nesciunt iure non. Architecto et molestiae porro voluptas quos. Dignissimos voluptatum nulla perspiciatis.',627,6,28,'2018-03-28 05:20:48','2018-03-28 05:20:48'),
	(41,'voluptatem','Reprehenderit et sit tempora sunt omnis ut provident in. Voluptas necessitatibus quae unde eius illo iure hic. Eveniet mollitia et assumenda voluptas pariatur quisquam eum. Qui iure sit dolorum repudiandae.',124,9,3,'2018-03-28 05:20:48','2018-03-28 05:20:48'),
	(42,'optio','Aliquid necessitatibus architecto eligendi molestiae facere debitis. Nesciunt dolorum dicta in minima eum voluptas quos. Debitis voluptas illo consequatur voluptas ad.',261,4,14,'2018-03-28 05:20:48','2018-03-28 05:20:48'),
	(43,'ut','Aut expedita molestias accusamus facilis dolorum saepe. Tempore doloremque perspiciatis ea eum est amet.',690,0,28,'2018-03-28 05:20:48','2018-03-28 05:20:48'),
	(44,'dolorem','Architecto et et sequi fuga porro nostrum vel corporis. Odio voluptatum dolor accusamus est. Iusto id dolorem excepturi beatae architecto magnam officiis ipsum. Aut ratione mollitia quae reiciendis. Cupiditate autem sed quia et.',688,0,23,'2018-03-28 05:20:48','2018-03-28 05:20:48'),
	(45,'et','Incidunt aut nobis consequatur ab aspernatur facere. Enim hic minima temporibus praesentium. Natus necessitatibus consequatur vitae expedita at debitis. Nulla adipisci fugit laborum aut eos.',167,1,16,'2018-03-28 05:20:48','2018-03-28 05:20:48'),
	(46,'non','Quidem sint officia quisquam impedit veniam est. Ut aut dicta aut est. Omnis aut sunt nihil modi. Non sed eligendi magni enim qui ipsum veritatis.',915,6,10,'2018-03-28 05:20:48','2018-03-28 05:20:48'),
	(47,'impedit','Quis consequatur voluptas itaque consectetur. Et aliquid a repudiandae perferendis odio.',159,6,10,'2018-03-28 05:20:48','2018-03-28 05:20:48'),
	(48,'ipsam','Dolorem ut voluptates pariatur harum impedit. A reprehenderit ipsam odio. Sed et deleniti sequi ut. Rerum qui magni qui omnis velit. Dolores quae rem perspiciatis dolorem quam voluptates nam.',205,0,15,'2018-03-28 05:20:48','2018-03-28 05:20:48'),
	(49,'ipsa','Neque praesentium voluptate et qui rerum. Ipsam nam ut consequuntur assumenda quia reiciendis et nihil. Veniam et voluptate numquam laudantium ducimus quibusdam.',715,7,14,'2018-03-28 05:20:48','2018-03-28 05:20:48'),
	(50,'tempore','Et aut mollitia incidunt. Sunt cumque dolor suscipit provident laborum inventore. Veritatis omnis neque ipsum autem est vero.',458,6,30,'2018-03-28 05:20:48','2018-03-28 05:20:48'),
	(51,'delectus','Et maiores et qui voluptatum. Consequatur fugit quaerat veniam non rerum quia. Et sit qui omnis delectus accusamus incidunt facilis incidunt.',462,9,26,'2018-03-28 05:21:01','2018-03-28 05:21:01'),
	(52,'ipsa','Eligendi quia dolores non quod. Expedita eaque inventore corporis dignissimos voluptas rem delectus natus. Odit necessitatibus nam magnam ratione ut eligendi. Atque perferendis odio est deserunt blanditiis vitae.',449,7,10,'2018-03-28 05:21:01','2018-03-28 05:21:01'),
	(53,'voluptatem','Qui dolores ullam dolorem dignissimos sit sint omnis. Sunt in et deleniti aliquam aut quos. Velit quia fugit dolor est quo molestias.',789,4,20,'2018-03-28 05:21:01','2018-03-28 05:21:01'),
	(54,'ullam','Ut quia culpa nostrum distinctio et provident unde. Alias alias dolor voluptate laboriosam. Iure repellat sapiente eum sit recusandae doloribus. Aut minima corporis rerum doloribus consequatur. Placeat ut repellat quasi.',490,5,27,'2018-03-28 05:21:01','2018-03-28 05:21:01'),
	(55,'accusamus','Tenetur recusandae quos eum neque unde. Inventore aperiam in quisquam et. Possimus consequatur quos nostrum non consectetur suscipit. Consequatur provident architecto eos nulla.',497,6,24,'2018-03-28 05:21:01','2018-03-28 05:21:01'),
	(56,'sit','Expedita est delectus nihil aut asperiores in consequuntur. Est quia impedit qui odit. Perspiciatis earum ipsum suscipit quod vel tenetur voluptas.',1000,6,16,'2018-03-28 05:21:01','2018-03-28 05:21:01'),
	(57,'nostrum','Perferendis est laborum sit quia. Accusamus et iste accusamus ratione et natus exercitationem modi. Aut sed quod consequuntur iure tempora reiciendis inventore non. Consectetur neque deserunt et. Sequi optio deleniti et assumenda molestiae dicta.',705,9,11,'2018-03-28 05:21:01','2018-03-28 05:21:01'),
	(58,'aut','Rem ea optio et vel consectetur ut eligendi. Sequi incidunt tenetur omnis.',287,7,29,'2018-03-28 05:21:01','2018-03-28 05:21:01'),
	(59,'omnis','Praesentium iure est explicabo veniam qui laborum ab. Dolorem aut et id doloremque. Non sed corporis repellat ut autem. Magni et dolores et repudiandae est.',816,8,8,'2018-03-28 05:21:01','2018-03-28 05:21:01'),
	(60,'nemo','Architecto ea necessitatibus error. Impedit sed asperiores eos consequatur sunt deserunt totam. Amet animi eius quas voluptates blanditiis vel.',666,0,23,'2018-03-28 05:21:01','2018-03-28 05:21:01'),
	(61,'at','Modi dolore ipsa iusto voluptas quo dignissimos aut. Est et numquam consequatur aperiam alias. Recusandae possimus voluptatem amet sapiente illum et.',972,7,25,'2018-03-28 05:21:01','2018-03-28 05:21:01'),
	(62,'recusandae','Ut dolor voluptatem aspernatur et velit. Labore reprehenderit aut saepe dolores est. Ducimus ratione amet ea atque. Omnis cum molestiae dolores.',322,4,23,'2018-03-28 05:21:01','2018-03-28 05:21:01'),
	(63,'blanditiis','Minus occaecati rerum deleniti enim sequi iste. Quis aut modi quaerat incidunt occaecati dolorum ducimus. Repudiandae aliquid velit distinctio optio nostrum consequatur autem. Quo quis quod aut similique eius qui.',696,2,7,'2018-03-28 05:21:01','2018-03-28 05:21:01'),
	(64,'harum','Qui tempore sequi alias quia deleniti veniam. Est et architecto nulla sint. Vel voluptatem voluptas nihil laudantium nostrum repellendus iusto.',582,4,12,'2018-03-28 05:21:01','2018-03-28 05:21:01'),
	(65,'quia','Rerum incidunt et molestiae qui sed ab iste. Est nulla cupiditate dolor sed laboriosam autem in magnam. Quidem earum et rerum aut aspernatur officia et voluptatibus. Aliquam magnam rem molestiae iste. Modi et ut libero et officia et.',941,5,13,'2018-03-28 05:21:01','2018-03-28 05:21:01'),
	(66,'maiores','Iusto aspernatur et eius facere aut aspernatur aut. Possimus necessitatibus modi perferendis est. Nesciunt ea quia sit officia.',197,5,12,'2018-03-28 05:21:01','2018-03-28 05:21:01'),
	(67,'expedita','Facilis minus repudiandae quisquam vel. Tempora eum ea ut. Qui voluptatum quia quod saepe. Consequatur iusto in omnis nihil illum velit itaque.',335,6,22,'2018-03-28 05:21:01','2018-03-28 05:21:01'),
	(68,'distinctio','Et nobis maiores aliquid est qui at. Quia sint cupiditate perferendis sequi et. Provident fugiat soluta nam. Quis quisquam adipisci sit molestias eius qui.',359,1,11,'2018-03-28 05:21:01','2018-03-28 05:21:01'),
	(69,'vel','Tempore voluptas asperiores praesentium sit praesentium accusantium. Quas commodi soluta non suscipit.',313,7,13,'2018-03-28 05:21:01','2018-03-28 05:21:01'),
	(70,'porro','Hic architecto ad ab dolores inventore neque. Minus reprehenderit consequatur quis ex fuga id. Vel alias ut quo iste sit pariatur ratione.',297,5,25,'2018-03-28 05:21:01','2018-03-28 05:21:01'),
	(71,'odit','Ullam voluptatem sunt omnis eligendi. Laudantium id libero autem et fugiat velit velit. Consequatur delectus veniam similique ut quasi occaecati dolores.',911,4,26,'2018-03-28 05:21:01','2018-03-28 05:21:01'),
	(72,'quod','Voluptatem eligendi nihil nesciunt aut nesciunt. Ut eos sed consequatur ratione quae autem blanditiis. Omnis iusto sed doloremque quae consequatur qui non. Rerum sed odio neque officia dolore.',845,4,2,'2018-03-28 05:21:01','2018-03-28 05:21:01'),
	(73,'maiores','Commodi nihil corrupti cum deleniti. Totam dolorem quam reiciendis sed. Amet et incidunt maiores ea corporis consequuntur aliquid exercitationem.',950,8,4,'2018-03-28 05:21:01','2018-03-28 05:21:01'),
	(74,'autem','Enim nesciunt dolor sunt ex nihil amet est. Qui consectetur dolores aut itaque in. Quia deleniti est sed at qui doloribus. Corporis veritatis asperiores quia. Ex quaerat doloribus ipsa modi nam fugit eaque.',428,6,25,'2018-03-28 05:21:01','2018-03-28 05:21:01'),
	(75,'officia','Quis accusamus nihil aut. Distinctio sunt sed omnis veniam esse. Fuga molestias consequatur quibusdam.',413,9,18,'2018-03-28 05:21:01','2018-03-28 05:21:01'),
	(76,'veritatis','Quae voluptas non modi nihil fugiat ex quia deserunt. Voluptatem ullam et explicabo dolor voluptatem.',967,3,7,'2018-03-28 05:21:01','2018-03-28 05:21:01'),
	(77,'quia','Fugiat dolorem eaque iste est. Pariatur ea voluptas consectetur sunt vitae. Dolorum nulla error blanditiis perspiciatis.',283,9,11,'2018-03-28 05:21:01','2018-03-28 05:21:01'),
	(78,'nisi','Aut earum totam non voluptas. Sequi optio ut esse natus. Earum neque culpa voluptas ducimus.',556,2,24,'2018-03-28 05:21:01','2018-03-28 05:21:01'),
	(79,'eveniet','Distinctio necessitatibus eum consequatur mollitia dolore. Iure ipsum enim voluptatem in delectus et laboriosam. Deserunt aut mollitia quisquam dolorem. Et blanditiis quidem accusamus sed velit voluptas ut.',941,0,15,'2018-03-28 05:21:01','2018-03-28 05:21:01'),
	(80,'facere','Pariatur dolore asperiores ab laudantium. Eius et nihil earum aut sequi. Dolor ut ut sequi. Architecto ipsa vel quia.',671,1,17,'2018-03-28 05:21:01','2018-03-28 05:21:01'),
	(81,'mollitia','Cupiditate exercitationem aperiam suscipit. Quasi nulla dolor nam qui nihil quidem. Ea deleniti porro similique libero reprehenderit occaecati porro. Saepe ex quis id.',592,4,20,'2018-03-28 05:21:01','2018-03-28 05:21:01'),
	(82,'labore','Ut aliquid reprehenderit error. Qui aliquam temporibus quia laudantium. Voluptas illo quo et ipsa.',851,8,7,'2018-03-28 05:21:01','2018-03-28 05:21:01'),
	(83,'maiores','Enim aut aspernatur hic et. Officiis itaque tempora vitae rerum. Provident recusandae ut iusto illo quo ut delectus.',294,9,10,'2018-03-28 05:21:01','2018-03-28 05:21:01'),
	(84,'quis','Voluptate sit saepe ipsum id ipsam. Consequatur ducimus odio ratione et et nam. Ipsa omnis delectus odit harum dignissimos. Accusamus quasi aliquid eum similique eum qui.',780,4,3,'2018-03-28 05:21:01','2018-03-28 05:21:01'),
	(85,'nihil','Quibusdam cum a dolores exercitationem molestiae at. Similique deleniti et eligendi laboriosam corrupti quod. Rem nobis rerum quia atque. Ipsa dolorum quibusdam voluptatibus inventore possimus.',215,9,22,'2018-03-28 05:21:01','2018-03-28 05:21:01'),
	(86,'temporibus','Quas deserunt exercitationem debitis recusandae. Quasi accusamus voluptatem sed laborum dolorem molestiae maiores et. Veritatis veritatis ratione rerum sed modi.',791,7,7,'2018-03-28 05:21:01','2018-03-28 05:21:01'),
	(87,'minus','Et vel inventore dolores quis molestias. Voluptate quos consectetur rerum quidem facilis. Voluptas facilis quisquam ipsa quaerat ea est. Consequatur facilis commodi qui. Ut non sit cumque molestiae ut voluptatem maxime cupiditate.',744,4,16,'2018-03-28 05:21:01','2018-03-28 05:21:01'),
	(88,'odio','Odit similique omnis voluptates. At et quis reiciendis quo debitis quis.',246,4,14,'2018-03-28 05:21:01','2018-03-28 05:21:01'),
	(89,'sit','Dolor ab est qui rem rem velit nulla. Repellendus consequatur corrupti sequi sunt rem. Doloribus sed quos velit voluptas assumenda. Illum dolore sit sint debitis non non.',527,4,17,'2018-03-28 05:21:01','2018-03-28 05:21:01'),
	(90,'sit','Quasi sed recusandae reiciendis at exercitationem ratione. Aut voluptas magnam laborum occaecati soluta aliquid ab. Qui eius quam vitae sit asperiores commodi corrupti ut.',570,0,2,'2018-03-28 05:21:01','2018-03-28 05:21:01'),
	(91,'et','Voluptatem ut rerum accusamus quo. Cupiditate qui accusamus officia occaecati omnis magni. Eligendi cumque qui provident qui.',845,6,8,'2018-03-28 05:21:01','2018-03-28 05:21:01'),
	(92,'veritatis','Culpa earum occaecati temporibus sed voluptatem molestias explicabo. Aut similique commodi fugit debitis voluptatibus. Laborum enim architecto qui maxime nihil soluta cupiditate nam.',788,9,28,'2018-03-28 05:21:01','2018-03-28 05:21:01'),
	(93,'nobis','Labore neque sit quaerat quia. A repellat consequuntur facilis consequatur molestiae vero quibusdam est. Alias atque molestiae ut accusantium id laborum.',875,2,7,'2018-03-28 05:21:01','2018-03-28 05:21:01'),
	(94,'molestias','Laborum est suscipit blanditiis eos laborum. Praesentium nam omnis excepturi incidunt ad sed non.',695,0,29,'2018-03-28 05:21:01','2018-03-28 05:21:01'),
	(95,'deleniti','Sed cumque molestias consequatur minima pariatur iste. Ipsam doloremque nam nihil maxime perferendis quisquam voluptas. Incidunt eligendi est reiciendis dolore quis. Ullam omnis est quos nulla ullam.',685,9,4,'2018-03-28 05:21:01','2018-03-28 05:21:01'),
	(96,'fugit','Velit qui beatae sed excepturi non velit dolores tempora. Iure non eum ipsa. Rerum maiores non cupiditate nam.',287,7,2,'2018-03-28 05:21:01','2018-03-28 05:21:01'),
	(97,'optio','Maxime eius pariatur et deleniti perspiciatis culpa. Quibusdam nesciunt earum optio nobis. Quae et autem totam sint officiis repellat. Exercitationem modi saepe optio omnis quibusdam sit.',897,2,17,'2018-03-28 05:21:01','2018-03-28 05:21:01'),
	(98,'maxime','Aspernatur nam repellat quasi et in. Est consequatur nihil ab omnis corrupti deserunt. Iste accusamus harum et voluptas qui voluptatem rerum sint.',325,0,21,'2018-03-28 05:21:01','2018-03-28 05:21:01'),
	(99,'voluptas','Cupiditate aut numquam a aliquid illum sequi. Sapiente natus excepturi asperiores dignissimos amet suscipit harum. Sunt omnis ut itaque facere nihil neque vel.',144,4,19,'2018-03-28 05:21:01','2018-03-28 05:21:01'),
	(100,'fugit','Et omnis porro sit possimus aut quia et. Et deserunt et iste blanditiis.',865,6,29,'2018-03-28 05:21:01','2018-03-28 05:21:01'),
	(101,'aut','Consequatur ad sapiente aperiam iure voluptatem et quia voluptatem. Qui aut beatae eaque fuga non quis. Repudiandae quod veritatis exercitationem. Quasi unde dolor quaerat quia iusto qui.',975,0,13,'2018-03-28 05:21:05','2018-03-28 05:21:05'),
	(102,'eos','Quia illo ad dolores atque impedit ipsa rerum ab. Id optio enim similique modi dolorem libero ipsam cupiditate. Dolore et repellendus omnis quam sed aliquam necessitatibus.',636,7,22,'2018-03-28 05:21:05','2018-03-28 05:21:05'),
	(103,'unde','Dolores ipsum hic porro necessitatibus expedita. Quo repellat dignissimos autem sed ex. Qui et corrupti qui ea dolores sequi qui. Quod id voluptatum nostrum quasi corporis.',412,7,6,'2018-03-28 05:21:05','2018-03-28 05:21:05'),
	(104,'aperiam','Vero at quaerat amet ipsum rerum deserunt. Consequatur omnis sapiente quo rerum delectus quia. Sunt earum cupiditate unde ab quas sit excepturi.',516,4,6,'2018-03-28 05:21:05','2018-03-28 05:21:05'),
	(105,'repellendus','Odit vel soluta deleniti optio et et. Dolorum qui alias in.',948,9,9,'2018-03-28 05:21:05','2018-03-28 05:21:05'),
	(106,'voluptatum','Est fugiat sit velit officia sapiente voluptas iusto iure. Eos quaerat saepe dolore aut non. Sed ipsam voluptates hic et sint. Est dolore qui quasi enim aliquam qui nemo dolor. Nihil sunt recusandae possimus et voluptas vel.',101,4,27,'2018-03-28 05:21:05','2018-03-28 05:21:05'),
	(107,'iure','Alias quaerat rerum dolorum est laudantium et. Eum consequatur omnis ut et est rerum et iusto. Cum autem in voluptas incidunt delectus et doloribus.',581,1,4,'2018-03-28 05:21:05','2018-03-28 05:21:05'),
	(108,'inventore','Cupiditate qui enim amet atque at. Placeat ut itaque corporis et. Ut unde beatae voluptatibus quibusdam doloremque dolorem labore.',591,8,8,'2018-03-28 05:21:05','2018-03-28 05:21:05'),
	(109,'laudantium','Non et ut soluta dignissimos dolorem dolorum officiis. Error quia voluptatem incidunt ea aut dicta qui corrupti. Natus sunt illum natus impedit ipsum sed in sapiente. Incidunt voluptas quia qui omnis. Corporis illo nihil facilis nisi libero iusto rerum.',500,7,28,'2018-03-28 05:21:05','2018-03-28 05:21:05'),
	(110,'assumenda','Omnis maxime ut dolore et soluta excepturi tenetur. Possimus et dolor blanditiis nobis rerum molestiae. Aperiam placeat ea in explicabo aut cupiditate. Quisquam velit ut est voluptatibus inventore.',841,2,6,'2018-03-28 05:21:05','2018-03-28 05:21:05'),
	(111,'voluptate','Dicta id inventore esse quo est itaque. Enim voluptatem dolore sapiente quaerat. Eligendi sunt quas est doloribus.',307,7,17,'2018-03-28 05:21:05','2018-03-28 05:21:05'),
	(112,'debitis','Quis sed cupiditate aut ut pariatur aliquid debitis labore. Aspernatur exercitationem consequuntur voluptas et ut pariatur. Quia consequatur velit voluptas molestiae sed non. Et sit aut et quia ullam.',621,7,15,'2018-03-28 05:21:05','2018-03-28 05:21:05'),
	(113,'laudantium','Explicabo quidem quo et autem aut officiis a. Harum dicta explicabo velit accusantium. Temporibus ea voluptates voluptatibus corporis ea quia voluptatem.',273,3,5,'2018-03-28 05:21:05','2018-03-28 05:21:05'),
	(114,'quos','Aliquid qui culpa cum nihil. Ut aliquid nihil enim adipisci facilis eum. Quis reprehenderit modi esse et voluptatem. Nobis eligendi doloribus quaerat facilis omnis.',738,5,10,'2018-03-28 05:21:05','2018-03-28 05:21:05'),
	(115,'tenetur','Officiis rerum autem id recusandae voluptates qui. Ad magni sit qui molestias voluptas vitae laborum. Corrupti laudantium atque quidem. Ut eaque ea similique.',826,3,4,'2018-03-28 05:21:05','2018-03-28 05:21:05'),
	(116,'ea','Perspiciatis aspernatur eum itaque sit tempora enim. Delectus sit exercitationem tempora rerum adipisci. Sed dolorem rerum amet et qui totam veniam.',406,7,14,'2018-03-28 05:21:05','2018-03-28 05:21:05'),
	(117,'similique','Hic ut aut dicta. Voluptas qui sit voluptatum sequi dolore. Ut eveniet nihil non rerum velit aut.',883,1,21,'2018-03-28 05:21:05','2018-03-28 05:21:05'),
	(118,'est','Doloribus adipisci adipisci laudantium quas voluptatem nihil. Praesentium id exercitationem enim magnam hic quod et. Enim vel ut quos porro velit. Perferendis numquam sint iusto voluptatum consequatur est.',594,3,12,'2018-03-28 05:21:05','2018-03-28 05:21:05'),
	(119,'voluptas','Nostrum accusamus fugiat voluptas nostrum. Et qui nostrum perspiciatis saepe ab omnis. Eius harum aspernatur dolores qui enim voluptatem nemo repellendus.',312,9,2,'2018-03-28 05:21:05','2018-03-28 05:21:05'),
	(120,'magni','Amet eveniet totam aut qui et impedit. Voluptatem rerum voluptatem quia modi ad et nam dolores.',700,1,21,'2018-03-28 05:21:05','2018-03-28 05:21:05'),
	(121,'quo','Ratione consectetur expedita fugit repellat doloribus et. Architecto iure eaque harum et. Officia delectus aspernatur in dolorem. Pariatur maxime minima illum tenetur.',779,2,8,'2018-03-28 05:21:05','2018-03-28 05:21:05'),
	(122,'vel','Omnis repellat rerum repellat accusantium voluptatem reprehenderit. Adipisci fuga tempora accusamus error sit modi fugiat aut. Aut eligendi pariatur ut ratione sint commodi. Minima vitae quidem aut incidunt.',194,4,3,'2018-03-28 05:21:05','2018-03-28 05:21:05'),
	(123,'ipsam','Aut facere ut amet in quod sunt commodi. Non sunt qui consequatur nam sed numquam quae quidem. At quaerat beatae in id eum voluptatem impedit.',894,7,30,'2018-03-28 05:21:05','2018-03-28 05:21:05'),
	(124,'non','Sit maxime aut ipsa quasi dolorum a nam. Rerum sit excepturi in molestias pariatur. Ipsa aspernatur quasi illum qui. Voluptatem qui quas quis quia iste sit.',460,9,25,'2018-03-28 05:21:05','2018-03-28 05:21:05'),
	(125,'nihil','Provident omnis qui dolor excepturi voluptatum eveniet dolore. Eos dolores culpa nulla aut doloremque voluptatibus.',216,5,8,'2018-03-28 05:21:05','2018-03-28 05:21:05'),
	(126,'quaerat','Nesciunt perferendis aut quia praesentium incidunt voluptatem quasi explicabo. Rerum minima omnis unde quo qui.',154,8,18,'2018-03-28 05:21:05','2018-03-28 05:21:05'),
	(127,'explicabo','Minus rerum delectus sed corrupti eum aspernatur. Consectetur alias in eveniet unde voluptatem iure. Tempore voluptatem cumque reprehenderit recusandae neque.',104,0,17,'2018-03-28 05:21:05','2018-03-28 05:21:05'),
	(128,'et','Ex aperiam quas explicabo vel quibusdam vel. Ut inventore praesentium numquam assumenda et eos. Asperiores accusantium consequuntur doloremque quia.',625,2,15,'2018-03-28 05:21:05','2018-03-28 05:21:05'),
	(129,'velit','Omnis minima commodi quod nam. In dolore voluptates aspernatur ea atque nam. Quasi unde expedita sapiente quo sunt et necessitatibus odio. Maiores et facere atque aut.',279,9,12,'2018-03-28 05:21:05','2018-03-28 05:21:05'),
	(130,'veritatis','Molestiae nihil eos consectetur officia velit aspernatur. Sequi et et dolore est. Dolor nemo explicabo aut quas nam est.',158,9,26,'2018-03-28 05:21:05','2018-03-28 05:21:05'),
	(131,'aut','Ut non provident autem modi iure ipsam earum. Dolores eveniet sed enim doloremque odit officia corporis quam. Aut a dolorum delectus molestiae ab.',876,2,7,'2018-03-28 05:21:05','2018-03-28 05:21:05'),
	(132,'magnam','Atque necessitatibus nostrum sit delectus non amet. Quia aut cum nemo nam repellendus. Modi voluptas error occaecati sit enim ut quidem. Totam ducimus saepe modi est ullam sunt ullam.',649,0,22,'2018-03-28 05:21:05','2018-03-28 05:21:05'),
	(133,'voluptatem','Eos corrupti aliquam quam ut corporis. Atque sed odio at sit id. Deleniti ut eius porro sunt modi doloremque quia aut. Ipsa expedita repudiandae accusantium vitae.',426,6,17,'2018-03-28 05:21:05','2018-03-28 05:21:05'),
	(134,'nisi','Aut et illum omnis hic aliquam in quis asperiores. Rerum ipsum totam debitis vel. Ut ea cupiditate omnis nihil aspernatur et eum ratione. Libero atque consectetur autem fugiat cum quia quia sint.',425,7,29,'2018-03-28 05:21:05','2018-03-28 05:21:05'),
	(135,'velit','Cupiditate hic exercitationem illo deleniti. Dolor nihil sit non. Dolores optio dolor vero vel enim. Voluptatem rerum nesciunt mollitia ullam et.',597,0,27,'2018-03-28 05:21:05','2018-03-28 05:21:05'),
	(136,'rerum','Quia quia voluptas modi voluptas aut. Corrupti omnis doloremque vero incidunt similique.',871,6,20,'2018-03-28 05:21:05','2018-03-28 05:21:05'),
	(137,'dolores','Aut similique minima molestias nisi. Vel dolores qui debitis doloribus id est asperiores. Iure deleniti ab aut quia.',136,8,18,'2018-03-28 05:21:05','2018-03-28 05:21:05'),
	(138,'quos','Expedita nihil placeat consequatur voluptas quaerat ducimus. Cupiditate fugit rerum harum aliquam consequatur incidunt nesciunt. Laborum accusantium recusandae voluptates sit consequatur tenetur. Iusto necessitatibus et qui dolorum eum enim.',331,2,15,'2018-03-28 05:21:05','2018-03-28 05:21:05'),
	(139,'rerum','Harum quia est quia quae rerum iste. Quo ab dolor modi voluptas. Ea consequatur ab voluptas quasi eos beatae.',604,3,24,'2018-03-28 05:21:05','2018-03-28 05:21:05'),
	(140,'eos','Aliquid id ex officiis et. Enim dolorem facilis molestias eius aut molestiae et. Deserunt non exercitationem aperiam repellat et nesciunt blanditiis ipsam. Nam aperiam rerum libero sequi.',615,4,25,'2018-03-28 05:21:05','2018-03-28 05:21:05'),
	(141,'maiores','Inventore ex id eius ut. Est nemo pariatur et aliquam modi. Labore debitis qui explicabo culpa. Ex impedit accusamus ea illum.',866,4,3,'2018-03-28 05:21:05','2018-03-28 05:21:05'),
	(142,'quis','Nihil corporis quos enim expedita enim dolor ut. Nesciunt adipisci molestiae odio excepturi earum neque voluptates architecto. Ipsam delectus et et inventore ea praesentium voluptas. Voluptates porro beatae occaecati ut voluptas vitae.',535,4,16,'2018-03-28 05:21:05','2018-03-28 05:21:05'),
	(143,'doloribus','Nostrum quod optio hic porro natus pariatur. A sit magni facere quae est fugit dolores. Necessitatibus excepturi sunt incidunt voluptate nisi. Perspiciatis cupiditate soluta itaque at. Autem omnis iure illum veritatis totam quam iusto eos.',761,7,8,'2018-03-28 05:21:05','2018-03-28 05:21:05'),
	(144,'molestias','Officiis nihil explicabo a recusandae possimus perferendis. Nihil veritatis a nihil omnis a sint. Ut accusamus maxime rem voluptatibus recusandae officia accusamus quia. Hic dolorum aut sit sit dolores.',188,7,13,'2018-03-28 05:21:05','2018-03-28 05:21:05'),
	(145,'soluta','Sed iusto esse tempora sed id. Iure doloribus eligendi soluta laudantium. At quis accusantium reiciendis minus voluptatem nostrum.',204,6,12,'2018-03-28 05:21:05','2018-03-28 05:21:05'),
	(146,'illo','Velit cumque et deserunt totam distinctio sed nesciunt. Doloremque in distinctio quasi quo. Minus nostrum consequatur dicta. Illo non aperiam harum odit.',304,0,14,'2018-03-28 05:21:05','2018-03-28 05:21:05'),
	(147,'perspiciatis','Voluptatem est illo molestias nemo sunt omnis sint laborum. Autem corporis unde eaque ullam dolor quidem debitis dolorem. Assumenda expedita dolorum cum veniam. Numquam omnis magni non aperiam blanditiis in. Et nostrum sit sed aut.',503,5,23,'2018-03-28 05:21:05','2018-03-28 05:21:05'),
	(148,'quis','Est eligendi atque iusto totam ut quia non. Veniam dicta rerum dolorem earum. Assumenda eius consequuntur nesciunt laborum autem ea quisquam. Ex sed aut mollitia ea labore. Voluptas ut quo ea et dolor praesentium.',156,2,22,'2018-03-28 05:21:05','2018-03-28 05:21:05'),
	(149,'placeat','Expedita doloremque id iusto at voluptas neque rerum. Repellendus odit mollitia qui veritatis eum fugiat non. Deleniti ex placeat numquam. Optio porro omnis consequatur et.',130,7,4,'2018-03-28 05:21:05','2018-03-28 05:21:05'),
	(150,'iste','Quae nostrum porro et. Impedit saepe est et fugit fugit odio minima. Perferendis suscipit explicabo molestiae expedita a officia delectus dolorum. Quos minima omnis odit neque nesciunt est sed.',773,6,3,'2018-03-28 05:21:05','2018-03-28 05:21:05'),
	(151,'omnis','Ut qui itaque saepe et deserunt nostrum sunt. Debitis et fugit perferendis tempora facilis quis neque eligendi. Facere voluptate ratione quia et minus. Nisi illum deserunt distinctio ipsam. Pariatur excepturi sed iure neque eum.',190,9,21,'2018-03-28 05:21:42','2018-03-28 05:21:42'),
	(152,'qui','Magni porro amet sint et quia debitis. Quas aut autem et. Quos facere voluptas ut hic ullam sint consequatur sequi.',429,7,19,'2018-03-28 05:21:42','2018-03-28 05:21:42'),
	(153,'consequuntur','Id ut aspernatur quis qui voluptatem blanditiis asperiores. Dolorem enim non molestiae ratione possimus nobis. Illum optio nemo impedit porro voluptatibus iste omnis. Eum et temporibus sit sunt.',146,1,20,'2018-03-28 05:21:42','2018-03-28 05:21:42'),
	(154,'quisquam','Aut rerum perspiciatis sed error laborum ex. Tenetur incidunt rerum voluptate. Quia maiores aliquam sed est. Laboriosam odio omnis quidem eum aut.',342,1,23,'2018-03-28 05:21:42','2018-03-28 05:21:42'),
	(155,'dolores','Architecto nemo tempora voluptatem hic dolorem. Ea voluptatum ab voluptatem excepturi beatae non qui. Dolore quos adipisci assumenda suscipit id nemo aspernatur. Ullam quia ea culpa perspiciatis eum eos.',611,9,29,'2018-03-28 05:21:42','2018-03-28 05:21:42'),
	(156,'nam','Maiores nisi debitis modi maiores id quis nesciunt. Quibusdam consequatur beatae eos quo officia rerum perspiciatis. Et quos expedita aliquid.',225,4,16,'2018-03-28 05:21:42','2018-03-28 05:21:42'),
	(157,'repellat','Ab magnam rerum est totam culpa non nostrum. Id nostrum eligendi similique labore. Et est voluptate id unde voluptatem.',605,8,11,'2018-03-28 05:21:42','2018-03-28 05:21:42'),
	(158,'at','Sint inventore occaecati iure. Incidunt beatae amet blanditiis vero. Dolore impedit voluptatem quibusdam animi similique quod.',109,7,22,'2018-03-28 05:21:42','2018-03-28 05:21:42'),
	(159,'recusandae','Ipsa saepe quo et aspernatur qui sed maxime dolores. Et enim optio sit aut et officiis tempore optio. Vel voluptates cupiditate aperiam itaque excepturi quae velit ab. Magni dolorem asperiores dolores quia enim accusantium aperiam. Aut ipsum aut est asperiores.',216,0,12,'2018-03-28 05:21:42','2018-03-28 05:21:42'),
	(160,'in','Nostrum voluptate aut nulla aliquid vel reprehenderit. Dolor est sed impedit sequi eaque asperiores. Soluta harum sed quaerat illo.',766,3,4,'2018-03-28 05:21:42','2018-03-28 05:21:42'),
	(161,'voluptas','Rem voluptatum ipsam distinctio. Ratione aspernatur velit accusamus quae voluptatibus ullam eos. Iure aperiam numquam ut dicta quo excepturi. Ullam molestias et recusandae voluptatem.',144,5,28,'2018-03-28 05:21:42','2018-03-28 05:21:42'),
	(162,'et','Voluptas optio nobis quibusdam omnis quibusdam. Ad ea distinctio debitis. Ut qui voluptatem veritatis praesentium architecto deleniti inventore fuga. Rerum quidem repellendus omnis enim minus minima.',420,5,2,'2018-03-28 05:21:42','2018-03-28 05:21:42'),
	(163,'architecto','Qui eius eum dicta voluptas optio rerum. Saepe aliquid cumque dolorum non est qui. Ut voluptatibus voluptatem libero itaque deserunt. Architecto unde nihil cum suscipit.',224,4,26,'2018-03-28 05:21:42','2018-03-28 05:21:42'),
	(164,'omnis','Ea ipsa similique quis et quia quo eius qui. Incidunt dolor molestiae ut quia. Voluptatem minus aspernatur adipisci eos maxime. Perspiciatis autem facilis porro et nisi autem.',438,2,14,'2018-03-28 05:21:42','2018-03-28 05:21:42'),
	(165,'autem','Deserunt omnis voluptatum cumque cumque quo necessitatibus molestias. Non rem aut fuga sint officiis et ut. Enim quis quia facilis sed. Necessitatibus doloribus maiores ut officia.',189,6,27,'2018-03-28 05:21:42','2018-03-28 05:21:42'),
	(166,'aut','Deleniti ex debitis aperiam non. Saepe omnis rem ipsam nam. Corrupti dolores aut dolores.',590,8,4,'2018-03-28 05:21:42','2018-03-28 05:21:42'),
	(167,'debitis','Id ut et magnam dolores placeat. Est repudiandae ducimus qui. Placeat aut perferendis adipisci repellat et assumenda atque. Quo nobis non nemo sunt.',415,8,15,'2018-03-28 05:21:42','2018-03-28 05:21:42'),
	(168,'dolorum','Velit sapiente aut nihil tempora earum et et. Ab atque repellat vel et deserunt. Enim qui enim inventore. Qui consequuntur hic doloribus doloremque.',621,7,14,'2018-03-28 05:21:42','2018-03-28 05:21:42'),
	(169,'accusantium','Tenetur molestiae sed est optio. Eligendi non accusamus et cum saepe.',673,0,30,'2018-03-28 05:21:42','2018-03-28 05:21:42'),
	(170,'ea','Quo ut sit est suscipit incidunt earum sapiente. Consectetur consequatur veniam explicabo ut. Assumenda veniam quae odit quis delectus quam modi. Illum reprehenderit libero qui tempore.',119,6,20,'2018-03-28 05:21:42','2018-03-28 05:21:42'),
	(171,'praesentium','Dolorem optio ullam aperiam aliquam distinctio molestias nobis. Perferendis in ullam maiores. Incidunt voluptatem et mollitia neque est pariatur excepturi. Aut non rerum distinctio sed.',970,7,27,'2018-03-28 05:21:42','2018-03-28 05:21:42'),
	(172,'adipisci','Aliquid dicta distinctio rerum adipisci. Expedita in quasi ut debitis excepturi dolore delectus aut. Aut excepturi fuga unde at.',214,8,30,'2018-03-28 05:21:42','2018-03-28 05:21:42'),
	(173,'eos','Atque voluptate qui delectus minima assumenda. Eum et et blanditiis voluptatibus in molestiae. Qui facilis accusamus sapiente sit sint. Quaerat ea quia et.',602,0,18,'2018-03-28 05:21:42','2018-03-28 05:21:42'),
	(174,'eos','Libero reprehenderit optio facilis occaecati dolorum ea. Dolores accusamus et ducimus totam sit cumque. Ducimus mollitia perferendis architecto quidem quis.',155,4,26,'2018-03-28 05:21:42','2018-03-28 05:21:42'),
	(175,'iusto','Harum perferendis nemo architecto et distinctio. Maxime vel nostrum cupiditate cum enim at eum. Corrupti modi dolor corporis debitis laboriosam porro.',409,6,16,'2018-03-28 05:21:42','2018-03-28 05:21:42'),
	(176,'molestiae','Voluptatem odit tenetur est et enim itaque sequi. Sapiente minima et corrupti veniam illo. Voluptatem doloremque animi harum possimus voluptates et.',696,2,3,'2018-03-28 05:21:42','2018-03-28 05:21:42'),
	(177,'modi','Odit et quos ut ut. Ut ex ipsa dolores velit. Quisquam beatae autem repudiandae quo. Quam molestias ullam ullam reprehenderit deleniti omnis ratione.',588,6,12,'2018-03-28 05:21:42','2018-03-28 05:21:42'),
	(178,'libero','Ut tempore voluptatibus non optio explicabo et. Ut ut voluptas sapiente qui numquam voluptatem doloremque sint. Fugiat ratione magnam corporis magnam ut nam molestiae odio. Qui ab autem qui ad magnam nisi adipisci totam.',497,9,12,'2018-03-28 05:21:42','2018-03-28 05:21:42'),
	(179,'quisquam','Atque iusto aut odio saepe nulla qui tempore. Qui quia cum ex et laborum dolores. Et deleniti vero molestiae magni praesentium nihil voluptates.',866,5,8,'2018-03-28 05:21:42','2018-03-28 05:21:42'),
	(180,'autem','Est ipsum est corporis perferendis qui est. Minus quasi et omnis at quas veritatis. Dolorem beatae quia non qui consequuntur ex.',749,5,24,'2018-03-28 05:21:42','2018-03-28 05:21:42'),
	(181,'temporibus','Facilis dolores vel suscipit quas. Sint maxime quam non porro id repellendus. Suscipit libero aliquam illum eum corrupti qui.',634,4,11,'2018-03-28 05:21:42','2018-03-28 05:21:42'),
	(182,'ut','Aliquam officia occaecati blanditiis. Quia nulla culpa quaerat magni recusandae voluptatem excepturi dignissimos. Eligendi doloremque voluptas illo.',321,3,9,'2018-03-28 05:21:42','2018-03-28 05:21:42'),
	(183,'quam','Doloribus molestiae libero numquam tempora sint ipsa. Quis quia porro optio dolores vel. Est eos est perspiciatis delectus dicta ut quo. Aut laboriosam assumenda exercitationem recusandae est ut. Esse commodi expedita omnis tempora earum praesentium dolor et.',379,9,24,'2018-03-28 05:21:42','2018-03-28 05:21:42'),
	(184,'nam','Dolore tempore consequatur sit repellendus. Est maxime dolores tempore accusamus aut. Non consequatur qui numquam quibusdam inventore voluptate.',631,1,17,'2018-03-28 05:21:42','2018-03-28 05:21:42'),
	(185,'optio','Incidunt nisi aut eum. Inventore accusantium repudiandae iste magnam autem iusto.',637,1,25,'2018-03-28 05:21:42','2018-03-28 05:21:42'),
	(186,'est','Voluptate voluptatem pariatur in tenetur saepe veniam nulla. Voluptatem aut ut eaque est. Aut id asperiores doloremque ab aliquid. Et at in quo nisi provident.',635,7,18,'2018-03-28 05:21:42','2018-03-28 05:21:42'),
	(187,'aut','Ut sunt sunt et qui dolorum. Laborum sit est et quam doloribus.',514,0,14,'2018-03-28 05:21:42','2018-03-28 05:21:42'),
	(188,'voluptatibus','Soluta ut totam ut in commodi. Eos in corrupti fugiat laudantium repellendus. Qui mollitia facilis nobis dolorum numquam consequatur.',668,4,22,'2018-03-28 05:21:42','2018-03-28 05:21:42'),
	(189,'reiciendis','Molestiae quia beatae sint eos similique assumenda reprehenderit. Laboriosam eius debitis cum quod pariatur numquam ut. Ex placeat optio explicabo nostrum aliquam et voluptas. Veniam sapiente molestias animi placeat.',235,9,13,'2018-03-28 05:21:42','2018-03-28 05:21:42'),
	(190,'qui','Nam esse maxime officia incidunt sapiente voluptate sunt. Voluptas aut rerum qui voluptatibus earum nesciunt. Unde dolor est at.',113,6,19,'2018-03-28 05:21:42','2018-03-28 05:21:42'),
	(191,'tempore','Facilis ea et cupiditate aut sint totam quaerat. Soluta sunt maiores eligendi. Omnis aliquid quis placeat magni. Optio dolores tempora vitae id totam ut.',937,2,16,'2018-03-28 05:21:42','2018-03-28 05:21:42'),
	(192,'eveniet','Esse quasi voluptatem est explicabo libero vitae enim. Itaque repudiandae sit porro nemo autem hic corrupti.',977,0,28,'2018-03-28 05:21:42','2018-03-28 05:21:42'),
	(193,'occaecati','Voluptas illo qui est qui. Et eaque magni nihil explicabo dolores dolores neque. Voluptatem enim perspiciatis expedita tempora dolorem accusantium omnis. Nesciunt et dignissimos qui praesentium culpa.',620,6,17,'2018-03-28 05:21:42','2018-03-28 05:21:42'),
	(194,'culpa','Repudiandae eaque laborum nisi ratione. Ratione non deserunt sint omnis. Voluptate veniam quae aspernatur accusamus nostrum quo ut inventore. Sunt autem est ut sapiente quis quibusdam.',956,1,17,'2018-03-28 05:21:42','2018-03-28 05:21:42'),
	(195,'velit','Amet ea impedit modi eaque et sit autem. Tenetur facere optio est. Explicabo dolores nihil consequuntur saepe ut veniam.',638,1,9,'2018-03-28 05:21:42','2018-03-28 05:21:42'),
	(196,'voluptatem','Aut iste qui maxime eos libero qui sed. Dolores expedita consectetur porro eius ea quae. Officia quia vitae molestias sunt. Sit qui quia et blanditiis. Voluptatem hic aspernatur assumenda quam et eum.',869,4,19,'2018-03-28 05:21:42','2018-03-28 05:21:42'),
	(197,'magni','Consequatur doloribus quasi sunt cumque tempore ex iste consequatur. Quod repellendus et est nisi. Dolorem et et officia. Consequuntur ut sint nostrum dolor assumenda iure sed qui.',100,7,9,'2018-03-28 05:21:42','2018-03-28 05:21:42'),
	(198,'nihil','Sunt aut cum aut. Nobis non quia aspernatur unde est. Libero maiores ex similique dolorem corporis aut.',220,8,28,'2018-03-28 05:21:42','2018-03-28 05:21:42'),
	(199,'et','Rerum nisi quia iure ea. Vel sed consequatur labore dolorum quaerat expedita sit. Sint esse est et et quia quod. Non mollitia eligendi corrupti.',611,5,10,'2018-03-28 05:21:42','2018-03-28 05:21:42'),
	(200,'repellendus','Facere maxime suscipit quia libero et sint sapiente. Sint ullam placeat dolore ullam repellat aut illo. Repellendus aut cum perferendis quasi.',377,4,10,'2018-03-28 05:21:42','2018-03-28 05:21:42'),
	(201,'dolorem','Unde est eius aliquid corrupti odio. Optio veniam et sunt nisi. Natus quos dolor minus et voluptas dignissimos.',633,5,8,'2018-03-28 05:22:02','2018-03-28 05:22:02'),
	(202,'vel','Dolorem id dolor odit cum excepturi. Asperiores voluptate dolores ex cum. Aut hic dolore quis ipsa rerum voluptatem. Doloremque fugiat magnam et.',350,3,5,'2018-03-28 05:22:02','2018-03-28 05:22:02'),
	(203,'dolore','Voluptas quia facere vel qui fugit rerum alias ipsam. Tempore aut consequuntur beatae perspiciatis. Aut iusto aliquam quaerat quia voluptatem. Ratione ut praesentium delectus sint.',906,0,8,'2018-03-28 05:22:02','2018-03-28 05:22:02'),
	(204,'voluptate','Hic illum in sed deserunt beatae velit. Voluptatem et et enim dolores expedita ut. Eligendi dolores temporibus quae. Porro repudiandae sunt iure accusamus sit nam.',383,7,8,'2018-03-28 05:22:02','2018-03-28 05:22:02'),
	(205,'ab','Vitae omnis sed totam et. Architecto error fuga deleniti sunt molestiae quo voluptatibus inventore. Consequatur et assumenda voluptate beatae quibusdam.',181,6,28,'2018-03-28 05:22:02','2018-03-28 05:22:02'),
	(206,'eaque','Hic aut animi consequatur impedit eius qui. Voluptates voluptas dolor libero.',788,4,15,'2018-03-28 05:22:02','2018-03-28 05:22:02'),
	(207,'modi','Ullam cum ut est enim. Et est officiis consequuntur tempore fugit adipisci. Nesciunt quos accusantium officia.',649,2,24,'2018-03-28 05:22:02','2018-03-28 05:22:02'),
	(208,'nihil','Aliquam saepe repellat sit ut. Nihil quaerat non harum repellat error qui voluptatem. Et maxime quia at magnam et. Suscipit molestias quibusdam et quam.',355,0,9,'2018-03-28 05:22:02','2018-03-28 05:22:02'),
	(209,'nihil','Voluptates qui id est ipsam saepe et. Quibusdam cum sequi velit aut est necessitatibus. Qui voluptatem tempore quis ut commodi.',769,7,13,'2018-03-28 05:22:02','2018-03-28 05:22:02'),
	(210,'incidunt','Repellat qui dolorem neque vitae facere ratione eveniet. Ipsa vel repellendus nihil ratione error tempora labore ipsam. Quaerat tempora tempore blanditiis. Esse reprehenderit nesciunt sunt ad nemo fuga modi minima.',464,9,3,'2018-03-28 05:22:02','2018-03-28 05:22:02'),
	(211,'quae','Cum reiciendis nisi veniam aut sunt. Placeat est sapiente sit odio. Et commodi ratione consequuntur autem qui. Ea ut voluptas quia impedit autem veritatis voluptatem. Autem dolorem minus magni et autem.',117,5,29,'2018-03-28 05:22:02','2018-03-28 05:22:02'),
	(212,'fuga','Excepturi nisi eum voluptates sunt adipisci quisquam blanditiis. Consequatur quaerat sequi cupiditate sint qui. Quis amet totam molestiae at reiciendis aliquam.',915,6,12,'2018-03-28 05:22:02','2018-03-28 05:22:02'),
	(213,'et','Non aut dolor quisquam commodi sed explicabo commodi. Eligendi delectus porro quos voluptatum fugiat ut voluptatem. Atque exercitationem delectus sunt quo eveniet. Ea enim magni quis eum.',921,0,26,'2018-03-28 05:22:02','2018-03-28 05:22:02'),
	(214,'vel','Quia laudantium deleniti sit aut hic quo est ipsa. Nihil in sint qui quis. Consequuntur maiores vel facilis distinctio et debitis.',166,2,6,'2018-03-28 05:22:02','2018-03-28 05:22:02'),
	(215,'nesciunt','Illum accusamus aut explicabo soluta a veniam. Quia autem sed quis ea. Omnis amet tenetur maiores dolorem beatae.',901,3,20,'2018-03-28 05:22:02','2018-03-28 05:22:02'),
	(216,'delectus','Tenetur aliquam quis at sit. Illo qui voluptas cum praesentium et ut optio. Maxime sequi eum doloribus ut maxime necessitatibus.',998,3,3,'2018-03-28 05:22:02','2018-03-28 05:22:02'),
	(217,'eligendi','Ipsum alias quam et quia. Et voluptas illo dicta omnis labore molestiae. Consequatur doloribus rerum et voluptatibus eos saepe. Enim necessitatibus nemo dignissimos neque nam eos veritatis quo.',733,4,19,'2018-03-28 05:22:02','2018-03-28 05:22:02'),
	(218,'ducimus','Sunt incidunt provident vero aut doloribus voluptas dolore. Deleniti et repudiandae facilis debitis. Est sed quis in a.',400,1,29,'2018-03-28 05:22:02','2018-03-28 05:22:02'),
	(219,'voluptatem','Mollitia aut repudiandae culpa facilis nulla corrupti et ut. Voluptatibus omnis aut laudantium expedita. Autem voluptatibus velit aliquid et quisquam rerum. Provident suscipit aut recusandae magni aut inventore sed.',546,3,13,'2018-03-28 05:22:02','2018-03-28 05:22:02'),
	(220,'qui','Dolor praesentium voluptas minus sed. Facere ipsum fuga corrupti non voluptatem. Consequatur ipsa officia omnis corporis saepe animi. Neque ea autem inventore dicta et praesentium ipsa.',964,4,9,'2018-03-28 05:22:02','2018-03-28 05:22:02'),
	(221,'mollitia','Sit atque laborum saepe odio quaerat sed dolore. Sunt dolor adipisci et aspernatur quod qui sunt.',929,0,7,'2018-03-28 05:22:02','2018-03-28 05:22:02'),
	(222,'vero','Qui soluta quisquam aliquid assumenda quo nulla. Saepe deserunt dolor commodi aut. Quaerat culpa explicabo cumque sed aut odio sit. Illum et molestiae vero asperiores.',272,6,17,'2018-03-28 05:22:02','2018-03-28 05:22:02'),
	(223,'magnam','Voluptatem possimus dolorem quaerat provident laudantium dolores dolorem. Voluptas officia inventore reiciendis officia. Praesentium eum expedita quasi consequuntur.',118,0,7,'2018-03-28 05:22:02','2018-03-28 05:22:02'),
	(224,'numquam','Eius enim quisquam aliquid. Tempora minus illum dolores ab sit error. A ab sint vero qui. Sed ut dignissimos illum molestiae qui.',238,4,20,'2018-03-28 05:22:02','2018-03-28 05:22:02'),
	(225,'eum','Quas dolore ea non qui asperiores itaque. Expedita nisi eum sapiente quo assumenda a minus. Quod ipsam esse est maiores aut.',997,0,23,'2018-03-28 05:22:02','2018-03-28 05:22:02'),
	(226,'laudantium','Et ex ut iusto dolorem et qui modi. Enim libero repudiandae excepturi. Eos rerum rerum vero et maxime vel minus. Est et sed assumenda eius.',993,0,2,'2018-03-28 05:22:02','2018-03-28 05:22:02'),
	(227,'ullam','Impedit praesentium nihil esse qui hic ut. Repellat omnis facilis est nemo fugiat. Tempore modi expedita nisi excepturi ipsam.',989,7,7,'2018-03-28 05:22:02','2018-03-28 05:22:02'),
	(228,'soluta','Quibusdam ea aliquam iure odit qui officiis. Et tempore et consequuntur beatae autem. Rerum similique reiciendis temporibus incidunt et. Ex quis inventore enim voluptatem commodi illum ex voluptatem.',212,3,10,'2018-03-28 05:22:02','2018-03-28 05:22:02'),
	(229,'sed','Vitae eligendi ut et quo pariatur repudiandae. Accusamus modi accusantium temporibus. Est non qui soluta tenetur rerum ut enim.',282,2,25,'2018-03-28 05:22:02','2018-03-28 05:22:02'),
	(230,'exercitationem','Iure et libero molestias dolor. A aliquid earum et magni aut error. Voluptatem et sit et velit omnis et.',490,2,26,'2018-03-28 05:22:02','2018-03-28 05:22:02'),
	(231,'accusamus','Consequuntur ut maiores distinctio voluptas qui vel aliquam. Deleniti consectetur enim tenetur itaque consequatur pariatur.',260,5,7,'2018-03-28 05:22:02','2018-03-28 05:22:02'),
	(232,'sed','Temporibus deleniti veniam repellendus iusto qui dolores occaecati eos. In earum cum mollitia eos. Exercitationem unde sed ut. Accusamus sed eius ad placeat enim qui.',283,2,24,'2018-03-28 05:22:02','2018-03-28 05:22:02'),
	(233,'harum','Sint commodi illo rerum sit. Aliquam eligendi praesentium sed doloremque. Omnis corrupti hic nihil voluptas minus itaque est hic.',503,8,22,'2018-03-28 05:22:02','2018-03-28 05:22:02'),
	(234,'ab','Laborum consectetur veritatis voluptatem eius recusandae nostrum ea. Ipsam quae esse non ullam voluptatem rerum est.',612,0,5,'2018-03-28 05:22:02','2018-03-28 05:22:02'),
	(235,'non','Et culpa delectus reprehenderit eos rerum. Dolor et voluptatem id voluptas. Error eligendi voluptatum fugiat laudantium aspernatur. Qui odit consequatur sapiente omnis ut vitae.',552,3,17,'2018-03-28 05:22:02','2018-03-28 05:22:02'),
	(236,'amet','Non voluptates necessitatibus sit exercitationem nobis ad architecto. Magnam eos omnis eos tempora illo minus aspernatur. Deserunt rem expedita sed ut. Velit nostrum nesciunt enim distinctio reiciendis qui eos.',178,6,26,'2018-03-28 05:22:02','2018-03-28 05:22:02'),
	(237,'facilis','Odit vel architecto dolore est reprehenderit expedita. Cum corrupti illum inventore eaque nulla excepturi. Omnis provident deserunt inventore laborum sint voluptatem eum.',208,9,25,'2018-03-28 05:22:02','2018-03-28 05:22:02'),
	(238,'eum','Necessitatibus est exercitationem ratione. Voluptate facere et ipsa rem doloribus. Officiis sint enim est. Nemo ducimus velit non consequuntur corporis.',105,6,29,'2018-03-28 05:22:02','2018-03-28 05:22:02'),
	(239,'et','Molestiae et illum qui. Ad saepe facilis et. Quisquam sint reprehenderit aut et et. Ut rerum aspernatur voluptas incidunt.',281,8,9,'2018-03-28 05:22:02','2018-03-28 05:22:02'),
	(240,'est','Autem magnam repudiandae eaque laboriosam est. Eveniet sit numquam quia veniam ducimus. Consequuntur asperiores id quasi expedita unde.',126,7,2,'2018-03-28 05:22:02','2018-03-28 05:22:02'),
	(241,'iusto','Nostrum et ipsa ad architecto dolorem quidem quasi. Qui expedita architecto non qui qui minima ea. Quas et cum et vitae nobis omnis.',322,6,4,'2018-03-28 05:22:02','2018-03-28 05:22:02'),
	(242,'incidunt','Asperiores ad inventore consequatur quibusdam ut sint. Quo consequatur distinctio exercitationem quidem dignissimos enim. Velit delectus et eaque provident iusto. Vero quis voluptas qui qui impedit ipsa non quia.',956,1,12,'2018-03-28 05:22:02','2018-03-28 05:22:02'),
	(243,'ut','Voluptas voluptates harum ipsam necessitatibus ut aut a dolor. Culpa quis atque labore. Accusamus accusantium laudantium quam voluptatem culpa.',221,2,10,'2018-03-28 05:22:02','2018-03-28 05:22:02'),
	(244,'ea','Minus ut provident eveniet et velit. Iure quo laudantium quo rerum impedit qui est. Explicabo quia architecto in voluptas tempore ipsa non.',929,6,6,'2018-03-28 05:22:02','2018-03-28 05:22:02'),
	(245,'iure','Aut dolorem est voluptatem tenetur itaque id molestiae. Optio eveniet eveniet et voluptatem esse. Sint facilis aut incidunt quam.',715,6,15,'2018-03-28 05:22:02','2018-03-28 05:22:02'),
	(246,'quis','Hic voluptates aut hic minus tenetur molestias omnis maxime. Quia nihil et et molestias ut ut reiciendis est. Harum laboriosam quibusdam quos ea sed. Unde rerum id dolores expedita.',596,8,9,'2018-03-28 05:22:02','2018-03-28 05:22:02'),
	(247,'occaecati','Reprehenderit aut qui omnis nemo iusto rerum a. In exercitationem quia sint qui minima. Dolorem modi similique dicta quia. Molestiae hic consequatur voluptates quis. Sed et repellat dolor autem qui praesentium voluptatem.',461,8,24,'2018-03-28 05:22:02','2018-03-28 05:22:02'),
	(248,'dolor','Et labore sed et corrupti aliquid. Possimus deleniti dolores repellat provident. Dolorum eaque est deserunt deserunt expedita fuga. Itaque velit sint necessitatibus et id quia aut incidunt.',124,4,2,'2018-03-28 05:22:02','2018-03-28 05:22:02'),
	(249,'natus','Aut minima commodi delectus et architecto ipsa et. Occaecati eos suscipit dicta occaecati ut. Aut neque omnis deleniti aut alias ut. Suscipit ipsam eos atque neque optio at voluptatem.',483,9,9,'2018-03-28 05:22:02','2018-03-28 05:22:02'),
	(250,'hic','Est fugit soluta voluptas ut ea. Aut rerum pariatur commodi fugit aspernatur sint temporibus. Quia tempora accusantium pariatur voluptatem dolor cumque consectetur voluptatem.',461,7,18,'2018-03-28 05:22:02','2018-03-28 05:22:02');

/*!40000 ALTER TABLE `products` ENABLE KEYS */;
UNLOCK TABLES;


# テーブルのダンプ reviews
# ------------------------------------------------------------

DROP TABLE IF EXISTS `reviews`;

CREATE TABLE `reviews` (
  `id` int(10) unsigned NOT NULL AUTO_INCREMENT,
  `product_id` int(10) unsigned NOT NULL,
  `customer` varchar(191) COLLATE utf8mb4_unicode_ci NOT NULL,
  `review` text COLLATE utf8mb4_unicode_ci NOT NULL,
  `star` int(11) NOT NULL,
  `created_at` timestamp NULL DEFAULT NULL,
  `updated_at` timestamp NULL DEFAULT NULL,
  PRIMARY KEY (`id`),
  KEY `reviews_product_id_index` (`product_id`),
  CONSTRAINT `reviews_product_id_foreign` FOREIGN KEY (`product_id`) REFERENCES `products` (`id`) ON DELETE CASCADE
) ENGINE=InnoDB DEFAULT CHARSET=utf8mb4 COLLATE=utf8mb4_unicode_ci;

LOCK TABLES `reviews` WRITE;
/*!40000 ALTER TABLE `reviews` DISABLE KEYS */;

INSERT INTO `reviews` (`id`, `product_id`, `customer`, `review`, `star`, `created_at`, `updated_at`)
VALUES
	(1,209,'Maximillia Douglas','Est in fuga eos possimus voluptatem nihil. Vel numquam deleniti deserunt voluptas rerum laborum soluta. Laudantium est neque in ipsum. Dolor rerum ipsam molestias vitae. Nihil delectus sit vero praesentium odio deleniti consequatur.',3,'2018-03-28 05:22:03','2018-03-28 05:22:03'),
	(2,239,'Chauncey Cronin Jr.','Et rerum ut quae quas. Sed at laudantium dolores libero eos.',5,'2018-03-28 05:22:03','2018-03-28 05:22:03'),
	(3,15,'Kamille Armstrong','Autem est enim et rem. Optio molestiae exercitationem iste distinctio magni molestias. Iste sed consequuntur eos laboriosam nam fuga perferendis.',1,'2018-03-28 05:22:03','2018-03-28 05:22:03'),
	(4,186,'Sadye Mertz','Molestiae pariatur illum error accusamus aut aliquid expedita. Illum saepe temporibus eos rerum reprehenderit. Sit praesentium laboriosam ut. Repellendus ipsam illum voluptatem laborum.',2,'2018-03-28 05:22:03','2018-03-28 05:22:03'),
	(5,115,'Virginia Kling','Veritatis voluptatem perferendis et totam corrupti deserunt est. Libero facilis voluptatem et. Quas ipsam voluptatem dolore placeat non itaque.',0,'2018-03-28 05:22:03','2018-03-28 05:22:03'),
	(6,197,'Ottilie Brakus','Aut ex velit aliquid aperiam consequatur maxime. Nisi autem modi quas. Cupiditate in sit magni eos eos commodi saepe. Ipsum provident quasi officiis inventore ut assumenda consequatur.',1,'2018-03-28 05:22:03','2018-03-28 05:22:03'),
	(7,80,'Mr. Coleman Spinka','Ea consectetur id voluptas itaque. Aperiam voluptatem eveniet assumenda voluptate. Consectetur nihil fugit quos animi est esse maiores. Quis rerum repellendus unde illum dolores.',4,'2018-03-28 05:22:03','2018-03-28 05:22:03'),
	(8,92,'Mona Balistreri','Sint aliquid officiis rerum. Maxime est consequatur tempore. Qui quasi sed autem inventore rerum sequi blanditiis. Non ipsam sint amet sequi.',3,'2018-03-28 05:22:03','2018-03-28 05:22:03'),
	(9,21,'Pauline Nicolas','Et ut dolor distinctio et. Ut corporis hic officiis quo est quae. Voluptatem voluptatem quo hic consequatur dolorum nihil ut. Ab velit quo nihil nisi.',3,'2018-03-28 05:22:03','2018-03-28 05:22:03'),
	(10,141,'Moses Friesen','Non nisi iure qui recusandae libero minus illum. Nihil et est est aut voluptatem voluptatem est. Atque beatae qui amet sit aut voluptas sapiente.',1,'2018-03-28 05:22:03','2018-03-28 05:22:03'),
	(11,31,'Prof. Devin Deckow I','Dolor ut aut error doloribus. Rerum voluptas nihil vel id. Qui et consequuntur provident voluptate ratione. Est inventore et porro reprehenderit aut.',2,'2018-03-28 05:22:03','2018-03-28 05:22:03'),
	(12,167,'Desiree Nienow','Esse eius voluptatibus amet cupiditate culpa eum. Id eius ut esse facere quia tempora minima. Facere esse ipsam officiis ipsum. In aut et magni totam.',2,'2018-03-28 05:22:03','2018-03-28 05:22:03'),
	(13,116,'Mr. Gay Gerhold Sr.','Sequi molestiae unde dicta quae eveniet veniam saepe. Et qui voluptatem dignissimos voluptatem ut. Voluptatem at a minus odio molestias natus consequatur. Fugiat enim qui dolor.',3,'2018-03-28 05:22:03','2018-03-28 05:22:03'),
	(14,24,'Favian Bashirian','Doloremque vero reiciendis dolores quia asperiores voluptatibus dicta. Corporis nam quia id et praesentium. Repellat quis molestiae quos officia molestiae corporis suscipit. Magni saepe mollitia nisi eaque culpa.',1,'2018-03-28 05:22:03','2018-03-28 05:22:03'),
	(15,238,'Reginald O\'Conner','Non nisi amet consequatur adipisci. Nulla sit deleniti veritatis qui omnis et doloremque. Aut asperiores aspernatur alias qui facilis ad. Et sapiente et quasi.',5,'2018-03-28 05:22:03','2018-03-28 05:22:03'),
	(16,44,'Prof. Melba Lindgren','Molestiae libero est eveniet est fugiat est ut aliquid. Consequatur vero repudiandae voluptates molestiae ut.',2,'2018-03-28 05:22:03','2018-03-28 05:22:03'),
	(17,10,'Felicity Keeling I','Culpa et consequatur earum unde doloribus. Numquam perspiciatis quisquam nulla repudiandae ea. Sapiente officiis quisquam repellendus ea dolores tempora dolor.',5,'2018-03-28 05:22:03','2018-03-28 05:22:03'),
	(18,179,'Harley Abbott II','Vel minima laborum sed. Ut consequuntur quas vero iste. Itaque accusamus quibusdam fuga et quas dignissimos. Qui est et et.',3,'2018-03-28 05:22:03','2018-03-28 05:22:03'),
	(19,10,'Miss Jazmyne Rempel Jr.','Doloribus ab voluptas esse quos illum non. Saepe sapiente itaque est eaque labore. Sit aliquid consectetur ab illo.',2,'2018-03-28 05:22:03','2018-03-28 05:22:03'),
	(20,20,'Dwight Legros II','Tenetur dignissimos voluptas minus aliquam qui accusantium neque earum. Velit dolor corporis ipsa quibusdam enim rerum quidem. Cumque voluptatem distinctio ut officiis minus tenetur ipsum. Expedita iste sed maxime corporis laborum.',5,'2018-03-28 05:22:03','2018-03-28 05:22:03'),
	(21,83,'Prof. Howard Dooley','Minus necessitatibus molestias et officia. Quia eum dolor commodi cumque at quis. Quos sequi soluta eos corporis quis. Ut consequatur dolorem ut.',3,'2018-03-28 05:22:03','2018-03-28 05:22:03'),
	(22,241,'Leo Renner','Distinctio commodi ab minus nam. Iusto itaque quo est. Dolore nesciunt culpa tenetur porro odit voluptas enim. Vel perspiciatis id similique culpa.',4,'2018-03-28 05:22:03','2018-03-28 05:22:03'),
	(23,174,'Prof. Zackary Collins DVM','Animi ipsam corporis vel nihil ipsa tempora veniam. Dolor tenetur nobis soluta ut laboriosam dolorum in minima. Dolorum tempora voluptatem impedit. Ipsum beatae exercitationem quia voluptatem consectetur.',3,'2018-03-28 05:22:03','2018-03-28 05:22:03'),
	(24,2,'Kathryn Harber','Accusantium voluptate facilis itaque at et dolores. Neque libero ex aut omnis ex soluta aliquam. Suscipit molestiae et temporibus esse et fuga. Dignissimos quas quo non et.',3,'2018-03-28 05:22:03','2018-03-28 05:22:03'),
	(25,19,'Geo Paucek','Magnam distinctio unde officiis qui facere asperiores. Enim nihil est impedit repellendus quia in quia. Delectus fuga laboriosam nihil et eveniet.',3,'2018-03-28 05:22:03','2018-03-28 05:22:03'),
	(26,187,'Talia Moore','Libero quidem quam nesciunt molestias velit aut debitis facilis. Corporis praesentium distinctio totam ad sed. Eos atque aut ut neque perspiciatis tempore voluptatem.',1,'2018-03-28 05:22:03','2018-03-28 05:22:03'),
	(27,159,'Mrs. Justina Grimes','Iste necessitatibus voluptatem et enim autem iste. Inventore aperiam consectetur natus rerum dicta. Excepturi id inventore ut dolore dolorem facilis.',5,'2018-03-28 05:22:03','2018-03-28 05:22:03'),
	(28,41,'Zachary Torphy','Laudantium dicta sequi aut qui voluptatem deserunt reiciendis. Non adipisci dolores ut distinctio quia voluptatibus amet. Rerum repudiandae numquam eum dolores aut molestias.',1,'2018-03-28 05:22:03','2018-03-28 05:22:03'),
	(29,8,'Keeley Nitzsche','Dolor sunt sunt voluptatem omnis. Voluptas dolorum occaecati voluptatibus autem. Laudantium id natus id animi eos animi.',0,'2018-03-28 05:22:03','2018-03-28 05:22:03'),
	(30,117,'Stephany Hahn PhD','Tempore dicta voluptas repellendus ut. Suscipit qui qui eius. Dicta doloribus dolor dolor iste excepturi. Nihil nesciunt sit beatae sed sit necessitatibus molestias.',2,'2018-03-28 05:22:03','2018-03-28 05:22:03'),
	(31,114,'Trevor Kunze','Similique id ducimus qui nam. Suscipit sed qui molestiae ut architecto. Reiciendis deleniti eligendi perferendis. Maxime quam quibusdam delectus odio qui aut voluptatem est.',0,'2018-03-28 05:22:03','2018-03-28 05:22:03'),
	(32,235,'Mr. Rex Nitzsche','Debitis odio sunt et tempora. Alias officia voluptatem in qui aut voluptates. Est consectetur id in quae dolorem dolorem consequuntur omnis.',1,'2018-03-28 05:22:03','2018-03-28 05:22:03'),
	(33,9,'Dr. Katherine Kunde IV','Odio unde qui ad exercitationem. A labore aspernatur voluptatum consequatur. Tempora laudantium dolorem laudantium molestiae necessitatibus sit quod.',0,'2018-03-28 05:22:03','2018-03-28 05:22:03'),
	(34,3,'Jordan Kutch','Aut ad ea atque rerum possimus. Occaecati et autem at nobis tempore enim vitae. Qui voluptatem temporibus illum maiores ipsam est.',2,'2018-03-28 05:22:03','2018-03-28 05:22:03'),
	(35,200,'Ms. Adelia Dicki IV','Ut aut qui expedita similique velit possimus officia. Sed harum minima asperiores dignissimos exercitationem pariatur dolore. Unde et velit odit illum minus dicta exercitationem. Enim et vel voluptas quo libero a ducimus.',3,'2018-03-28 05:22:03','2018-03-28 05:22:03'),
	(36,81,'Frieda Hodkiewicz','Molestias at ut necessitatibus voluptas minus incidunt. Officiis alias enim et ducimus molestias at ex. Quaerat nihil non harum ut aspernatur at sequi modi. At provident culpa illum repellendus blanditiis hic.',4,'2018-03-28 05:22:03','2018-03-28 05:22:03'),
	(37,124,'Dr. Jaquelin McGlynn IV','Ducimus sit cum quo sint perferendis. Iusto illo ut doloribus et aut dolorum. Itaque modi eius inventore quam voluptas.',0,'2018-03-28 05:22:03','2018-03-28 05:22:03'),
	(38,182,'Jerome Gleason','Ut dicta qui consequuntur iure sint et impedit. Et ipsum blanditiis qui. Voluptatibus maiores eos eos adipisci cumque. Sint odio eaque ducimus ad et ducimus.',4,'2018-03-28 05:22:03','2018-03-28 05:22:03'),
	(39,204,'Lawson Mueller','Omnis possimus tenetur et sint. Sunt dolores in dolorem facere quaerat. Dolorem quis sit non sed modi.',3,'2018-03-28 05:22:03','2018-03-28 05:22:03'),
	(40,219,'Shaylee Barrows','Ipsum ullam eaque quo eius. Eligendi reprehenderit assumenda quam enim. Error minus odio velit et.',5,'2018-03-28 05:22:03','2018-03-28 05:22:03'),
	(41,47,'Anabelle Kunze II','Commodi delectus omnis pariatur laboriosam. In ut et quisquam quia omnis non. Totam in quam id et et molestiae velit quas.',5,'2018-03-28 05:22:03','2018-03-28 05:22:03'),
	(42,198,'Vicenta Witting','Consequuntur placeat qui placeat consectetur eaque. Amet odit nihil minus et consectetur est nemo aliquam. Ut quia ad error doloribus tempora possimus vero.',0,'2018-03-28 05:22:03','2018-03-28 05:22:03'),
	(43,11,'Alene Kihn MD','Magnam beatae quos animi. Totam esse nemo suscipit. Sint harum id sunt omnis. Qui minus quas recusandae voluptatem ut atque quo possimus.',3,'2018-03-28 05:22:03','2018-03-28 05:22:03'),
	(44,184,'Prof. Amparo Swift','Atque et natus numquam doloribus veritatis reiciendis. Eos nisi sit qui quos omnis nesciunt. Minima dolor sed odio quas beatae.',0,'2018-03-28 05:22:03','2018-03-28 05:22:03'),
	(45,134,'Alexa Wuckert','Enim voluptatem vel et eos dignissimos. Iure distinctio deserunt dolorem totam. Vero eos et odio rem veritatis. Consequuntur occaecati neque animi.',1,'2018-03-28 05:22:03','2018-03-28 05:22:03'),
	(46,75,'Miss Hillary Kunze','Est occaecati consequuntur nisi. Tempore quaerat veritatis repudiandae excepturi nostrum laboriosam numquam. Dolor architecto minima ipsa saepe.',4,'2018-03-28 05:22:03','2018-03-28 05:22:03'),
	(47,169,'Cindy Crist','Adipisci in beatae enim dolor. Voluptate explicabo neque qui placeat molestias sit consequatur. Officia perspiciatis ut aut ut quis et id. Ut aut accusantium vero aut non eum.',1,'2018-03-28 05:22:03','2018-03-28 05:22:03'),
	(48,157,'Dr. Tyreek Hegmann','Dignissimos cumque dolor nisi aut asperiores. Voluptatem vero molestiae sint ut molestiae voluptatibus repellat. Voluptas laborum voluptas pariatur ab. Harum et aut ut esse minus est.',4,'2018-03-28 05:22:03','2018-03-28 05:22:03'),
	(49,94,'Lessie Berge DVM','Consequatur cupiditate ipsum hic mollitia nostrum. Et incidunt quia voluptatem omnis unde sit quisquam.',2,'2018-03-28 05:22:03','2018-03-28 05:22:03'),
	(50,247,'Kathryn Rempel','Ut sit qui dolorem distinctio atque quia. Aut praesentium adipisci quidem facere similique ea officia. Tempore unde deserunt corrupti amet. Blanditiis eligendi ut natus explicabo nisi. Tempore incidunt neque et necessitatibus.',4,'2018-03-28 05:22:03','2018-03-28 05:22:03'),
	(51,200,'Watson Kunze','Sed amet voluptates repudiandae ex qui. Sint nemo omnis enim voluptate laboriosam quibusdam qui blanditiis. Fuga velit sit fugit hic at eaque ut.',3,'2018-03-28 05:22:03','2018-03-28 05:22:03'),
	(52,88,'Aida Pacocha','Rerum sed aut unde est. Laborum ad rerum sed tenetur aut voluptate. Ex est consequatur architecto aliquam. Quia atque quisquam sint non.',4,'2018-03-28 05:22:03','2018-03-28 05:22:03'),
	(53,22,'Waylon Harvey IV','Ullam harum et ab velit id ut. Blanditiis non id blanditiis. Et placeat qui magni accusamus iure natus assumenda. Quidem consectetur magni ut hic eveniet sunt. Rem perspiciatis non libero omnis vel.',3,'2018-03-28 05:22:03','2018-03-28 05:22:03'),
	(54,50,'Electa Cole II','Dolore iusto placeat itaque in qui ea accusamus autem. Vitae qui a voluptatem reprehenderit suscipit et soluta. Et velit et sed eaque suscipit labore. Facere tempore atque quia hic delectus. Veritatis blanditiis eaque accusamus provident nostrum.',4,'2018-03-28 05:22:03','2018-03-28 05:22:03'),
	(55,40,'Freddy Hills','Quia in ea qui totam. A veritatis aut perferendis voluptatem et repellendus. Incidunt laboriosam itaque inventore.',1,'2018-03-28 05:22:03','2018-03-28 05:22:03'),
	(56,43,'Alia Green Sr.','Dolorem possimus beatae impedit iste corporis. Non qui aspernatur rerum sed quis pariatur ea eos. Molestias sed hic repellat. Et explicabo laboriosam adipisci quaerat autem vel.',4,'2018-03-28 05:22:03','2018-03-28 05:22:03'),
	(57,163,'Mrs. Adah Predovic','Qui officia cumque neque sit. Error sunt exercitationem excepturi vitae laboriosam voluptas nobis.',1,'2018-03-28 05:22:03','2018-03-28 05:22:03'),
	(58,239,'Dion Bode','Accusantium explicabo aut omnis. Eos delectus at rem qui quas occaecati. Consequatur accusamus ducimus quis eos quia et.',0,'2018-03-28 05:22:03','2018-03-28 05:22:03'),
	(59,223,'Dr. Victor Klein II','Saepe quos ab aut officia est eligendi eaque. Aut facilis non eum voluptas saepe. Quia quia odio labore laboriosam ut culpa. Accusantium quia fugit rem alias est non odio.',2,'2018-03-28 05:22:03','2018-03-28 05:22:03'),
	(60,16,'Ms. Carole Donnelly','Culpa et enim ut in sit et explicabo. Ut quis eveniet ad consectetur ipsa. Id dolores aliquid et vel voluptatum officia nesciunt odit.',4,'2018-03-28 05:22:03','2018-03-28 05:22:03'),
	(61,120,'Chad Tremblay','Non omnis iusto officia reprehenderit qui nihil mollitia. Iste maxime excepturi recusandae voluptatem qui distinctio deleniti. Dolorem qui ea ut necessitatibus minima rerum.',2,'2018-03-28 05:22:03','2018-03-28 05:22:03'),
	(62,243,'Dr. Charity Bode','Neque consequatur aut odit cum esse ratione. Cupiditate voluptatem quibusdam possimus vel ad eum autem.',0,'2018-03-28 05:22:03','2018-03-28 05:22:03'),
	(63,25,'Dr. Claudine Lowe','Et iusto quaerat consequuntur harum ut. Et fugit et atque nulla et sit. Adipisci nihil deserunt architecto alias fugit.',3,'2018-03-28 05:22:03','2018-03-28 05:22:03'),
	(64,180,'Ms. Idell Goldner V','Rerum quibusdam vel non qui tempore eum odio. Maxime nostrum non fugiat aperiam porro doloribus. Iure tempora dolor quia dolorum inventore reiciendis. Repudiandae quas ut sit qui.',2,'2018-03-28 05:22:03','2018-03-28 05:22:03'),
	(65,32,'Lilliana Murphy','Aspernatur deserunt minima qui tempora numquam. Iure quod ut quis ut. Optio aut voluptate rem quisquam dolorum cumque.',1,'2018-03-28 05:22:03','2018-03-28 05:22:03'),
	(66,184,'Eloy Deckow','Doloribus esse aliquam aut quod iste nesciunt et veritatis. Voluptas voluptas aut quo aut soluta saepe. Voluptatem sit ex sit magnam sint neque qui. Doloremque qui atque reprehenderit voluptas amet et dicta.',2,'2018-03-28 05:22:03','2018-03-28 05:22:03'),
	(67,9,'Mikayla Lakin','Nemo sed illum voluptate est aut voluptatum odio. Accusamus nihil voluptas impedit accusamus nesciunt aliquam iusto explicabo. Nihil animi fugiat deserunt quibusdam non possimus voluptatibus. Magni aspernatur iure enim consequatur voluptate quia voluptatum.',3,'2018-03-28 05:22:03','2018-03-28 05:22:03'),
	(68,49,'Rene Schiller','Dolores nam temporibus ut consequuntur. Ad molestias ex culpa magnam ad autem. Autem molestiae rerum consectetur quas enim maiores.',5,'2018-03-28 05:22:03','2018-03-28 05:22:03'),
	(69,21,'Mrs. Marjolaine Wolff IV','Dolores sequi est occaecati atque dolorem dolores. Ipsum ullam dolore ut perferendis. Quam ut consequatur enim.',3,'2018-03-28 05:22:03','2018-03-28 05:22:03'),
	(70,77,'Mikel Herman','Vero aut sit voluptates eligendi sint. Magni at explicabo amet quibusdam quis. Possimus consectetur ipsa alias amet ea eos iste. Et distinctio consequatur porro totam dolor sed.',3,'2018-03-28 05:22:03','2018-03-28 05:22:03'),
	(71,184,'Prof. Leland Parisian','Facilis libero suscipit ea porro totam porro eaque. Et alias dolorem exercitationem aperiam. Ea ratione autem dolorum doloremque et sint quo. Praesentium consequuntur consequatur sint qui dicta iste est.',2,'2018-03-28 05:22:03','2018-03-28 05:22:03'),
	(72,207,'Prof. Laron Rogahn PhD','Ad quasi aspernatur ad. Vel repudiandae et distinctio laborum dolores sed neque. Architecto maiores assumenda voluptatum eum et voluptatem reiciendis. Recusandae laborum fugiat et ea dolore occaecati sequi.',3,'2018-03-28 05:22:03','2018-03-28 05:22:03'),
	(73,191,'Hector Douglas','Doloribus dolores quia dolore magni rerum tempora. Dolores voluptatum necessitatibus eius sint architecto ipsa. Tenetur quia quasi sed deserunt.',5,'2018-03-28 05:22:03','2018-03-28 05:22:03'),
	(74,170,'Cordell Tromp','Rerum autem aut quia in ratione sapiente aut ipsa. Ipsa facilis nesciunt veniam qui fuga. Labore sequi minus iusto earum minima eligendi. Qui assumenda at quam veritatis.',0,'2018-03-28 05:22:03','2018-03-28 05:22:03'),
	(75,173,'Felton Dicki','Est corrupti quidem eum officiis. Earum minus enim est odio. Eos enim soluta nihil aspernatur omnis quae commodi libero. Sunt minima aut debitis officiis id numquam.',5,'2018-03-28 05:22:03','2018-03-28 05:22:03'),
	(76,133,'May Becker','Dolor aut nemo et incidunt. Nobis dolore est corrupti maiores velit. Sit beatae voluptas ad debitis. Voluptatum accusantium amet quia.',3,'2018-03-28 05:22:03','2018-03-28 05:22:03'),
	(77,199,'Miss Nyah Dickinson','Eligendi iusto amet voluptatum dolor et. Cumque aut molestiae non est qui quod dolore. Deleniti illo et amet corporis exercitationem.',0,'2018-03-28 05:22:03','2018-03-28 05:22:03'),
	(78,62,'Kirk Shanahan','Deserunt culpa aut vitae accusantium impedit ducimus. Temporibus quod provident dolorum eius pariatur sunt provident. Est hic ut earum. Qui aut nostrum veniam id perferendis alias sapiente.',2,'2018-03-28 05:22:03','2018-03-28 05:22:03'),
	(79,180,'Jordi Von','Ut soluta doloribus vero enim molestias amet. Placeat nostrum laborum quam accusamus aut. Eaque temporibus sed quaerat. Ipsa ea sit accusantium odit optio eum autem.',4,'2018-03-28 05:22:03','2018-03-28 05:22:03'),
	(80,183,'Prof. Nadia Bruen','Reprehenderit eos ipsam inventore eligendi non. Rerum quidem ea rem corporis dolores. Minima qui voluptatibus harum repellat.',5,'2018-03-28 05:22:03','2018-03-28 05:22:03'),
	(81,210,'Mr. Koby Altenwerth Sr.','Voluptas mollitia et quam. Architecto ipsa magnam nesciunt quae rerum.',4,'2018-03-28 05:22:03','2018-03-28 05:22:03'),
	(82,248,'Delpha Steuber','Inventore id explicabo qui ipsam. Qui nobis ut atque eveniet eius et deleniti accusamus. Rem dolorem molestiae magnam nihil quisquam omnis incidunt. Quaerat possimus consequatur vero fugit eos et.',0,'2018-03-28 05:22:03','2018-03-28 05:22:03'),
	(83,92,'Eldridge Hackett','Distinctio dolorem dolores labore. Molestias quas sapiente expedita nihil magnam eum quisquam et. Unde est reprehenderit esse ab id omnis. Error aut esse quia.',3,'2018-03-28 05:22:03','2018-03-28 05:22:03'),
	(84,183,'Rosalee Luettgen','Quisquam minus quo ipsam harum suscipit inventore ex quia. Hic debitis perferendis et mollitia rem. Cupiditate neque nostrum mollitia iusto.',1,'2018-03-28 05:22:03','2018-03-28 05:22:03'),
	(85,113,'Javier Metz MD','Molestiae neque vero sapiente velit. Soluta ea doloremque quia omnis praesentium quisquam molestias.',5,'2018-03-28 05:22:03','2018-03-28 05:22:03'),
	(86,22,'Dr. Lisa Wisoky MD','Cum est adipisci quas quidem magnam eum. Voluptate nisi magnam doloremque consequatur mollitia fugiat. Alias nulla perferendis nisi possimus qui. Dolor est distinctio eaque magnam porro nulla aliquid.',2,'2018-03-28 05:22:03','2018-03-28 05:22:03'),
	(87,69,'Dr. Brennan Kuphal','Est dolorem quae et voluptas est. Eligendi inventore aliquid sint consectetur commodi dignissimos. Aperiam et et corrupti. Et molestiae tenetur rem architecto consequuntur odit.',5,'2018-03-28 05:22:03','2018-03-28 05:22:03'),
	(88,44,'Marian Prosacco','Debitis molestiae nihil harum ut. Et animi soluta sunt in. Voluptatem accusamus iste fuga non. Dolor ipsa rerum iure ut culpa est possimus. Ipsam et laboriosam quaerat dolores ut occaecati.',2,'2018-03-28 05:22:03','2018-03-28 05:22:03'),
	(89,143,'Jordan Hagenes MD','Enim ad est maxime rem voluptas quisquam. Incidunt modi quas quia ipsa fugit qui sit. Possimus qui repellat magni odit non. Maxime nemo maiores molestias ratione sed.',5,'2018-03-28 05:22:03','2018-03-28 05:22:03'),
	(90,237,'Ms. Maye D\'Amore DDS','In aspernatur error molestiae autem incidunt exercitationem quas. Repellat accusantium qui enim iste et quia. Quia sed consectetur fugiat provident omnis dolorum. In eius pariatur dolores.',3,'2018-03-28 05:22:03','2018-03-28 05:22:03'),
	(91,177,'Woodrow Kuhic Jr.','Fuga distinctio expedita ducimus unde voluptatem. Sunt culpa quibusdam hic dignissimos. Rerum nulla aperiam ad quidem laborum sint.',1,'2018-03-28 05:22:03','2018-03-28 05:22:03'),
	(92,28,'Jonatan Veum','Quasi repudiandae in consequuntur itaque reprehenderit. Molestias ad nihil sed quasi soluta sapiente sit. Dolore debitis sunt dolorem vel velit consequatur inventore.',0,'2018-03-28 05:22:03','2018-03-28 05:22:03'),
	(93,249,'Lauren Johnson','Aspernatur labore saepe vitae. Laborum ducimus et accusamus ad rerum omnis rerum. Commodi maiores consequatur facilis perferendis accusantium est. Porro ut labore est consequuntur veniam ut dicta.',0,'2018-03-28 05:22:03','2018-03-28 05:22:03'),
	(94,36,'Prof. Lottie Brekke','Delectus fuga placeat architecto nostrum porro quia quos. Et esse possimus inventore quia est id molestias. Harum omnis dicta voluptatem doloremque consequatur. Expedita sunt expedita consequatur aliquid unde autem. Quo nihil quasi quis fugiat officiis molestiae.',0,'2018-03-28 05:22:03','2018-03-28 05:22:03'),
	(95,146,'Mackenzie Koelpin','Porro sed quibusdam soluta officiis quas. Assumenda aut ut alias fuga. Quidem quia quos quis et modi repellendus et.',1,'2018-03-28 05:22:03','2018-03-28 05:22:03'),
	(96,233,'Ricky Ledner','Esse non illum facere quia odio. Ea pariatur eos perferendis voluptatibus dolor ipsa voluptatibus.',3,'2018-03-28 05:22:03','2018-03-28 05:22:03'),
	(97,208,'Miss Annetta White IV','Et iure sequi quo modi aut tenetur. Aut suscipit expedita omnis officia ut. Ipsam sint numquam quod totam ipsa a soluta. Harum eveniet non officiis quia aut et explicabo.',3,'2018-03-28 05:22:03','2018-03-28 05:22:03'),
	(98,19,'Althea Doyle','Delectus repellendus cum non excepturi culpa. Nam alias et omnis nemo accusantium. Minima expedita aut harum maxime iste.',1,'2018-03-28 05:22:03','2018-03-28 05:22:03'),
	(99,48,'Maybell Glover','Reprehenderit minima est explicabo consequatur libero repellendus. Iste delectus officia aut dolorem nobis. Eius enim voluptate rem minus eaque vero. Delectus exercitationem et vel quo.',1,'2018-03-28 05:22:03','2018-03-28 05:22:03'),
	(100,59,'Neva Barrows','Velit voluptas soluta quia sint saepe deleniti aliquid. Possimus beatae dolores ea praesentium. Quos voluptas dolores occaecati aut.',5,'2018-03-28 05:22:03','2018-03-28 05:22:03'),
	(101,136,'Prof. Julie Adams III','Assumenda est et rerum iusto tempore. Quo nemo praesentium assumenda cum.',1,'2018-03-28 05:22:03','2018-03-28 05:22:03'),
	(102,54,'Aidan Crist','Fuga at veritatis et. Sunt et in est dicta. Quasi qui aut sed.',0,'2018-03-28 05:22:03','2018-03-28 05:22:03'),
	(103,67,'Carol Lowe','Cum et ea recusandae aut iusto. Voluptatibus ex corrupti nobis sed. Aut autem excepturi rerum.',4,'2018-03-28 05:22:03','2018-03-28 05:22:03'),
	(104,102,'Dr. Johnathon Dibbert','Dicta et quo laudantium eaque ut aut harum. Veniam modi nesciunt veniam et. Aliquid corporis odit voluptates.',2,'2018-03-28 05:22:03','2018-03-28 05:22:03'),
	(105,176,'Sheridan Stamm DVM','Voluptas perferendis nihil sunt dolorem. Commodi officiis aut eos architecto sapiente quia voluptates quisquam. Dolorum iure saepe officia accusantium blanditiis excepturi.',3,'2018-03-28 05:22:03','2018-03-28 05:22:03'),
	(106,45,'Derrick Ziemann','Culpa magnam libero dolorum ad totam sunt. Aut ex blanditiis autem autem et non. Sit impedit minus non cupiditate qui cumque atque. Mollitia aut laboriosam in in neque.',5,'2018-03-28 05:22:03','2018-03-28 05:22:03'),
	(107,47,'Ms. Justina Towne II','Earum dolorum sequi qui optio consequatur. Architecto hic omnis alias sit. Qui blanditiis nihil perferendis dolores.',5,'2018-03-28 05:22:03','2018-03-28 05:22:03'),
	(108,108,'Shana Sauer','Molestiae corrupti sed qui. Culpa aut eum facere fugiat mollitia nesciunt. Quos et cum consequatur provident. Pariatur corporis quo asperiores.',2,'2018-03-28 05:22:03','2018-03-28 05:22:03'),
	(109,33,'Ivy Brekke Jr.','Quas rem qui nesciunt dolorem in. Eum eum eos itaque nisi. Est error tempora ipsa culpa non. Hic dolorum in quia.',1,'2018-03-28 05:22:03','2018-03-28 05:22:03'),
	(110,241,'Rowena Hagenes','Odit sequi mollitia non quasi nihil dolor. Eveniet sequi cum ut consequuntur dolores occaecati et. Voluptatem beatae dolorum odio sit consectetur molestias. Libero eius aut blanditiis accusamus ut.',0,'2018-03-28 05:22:03','2018-03-28 05:22:03'),
	(111,57,'Ms. Jewel Mitchell','Dolore beatae et voluptatum est. Est reprehenderit dolores enim. Impedit ut eos magnam non consequatur nihil. Excepturi eligendi rem porro non.',5,'2018-03-28 05:22:03','2018-03-28 05:22:03'),
	(112,195,'Royce Rohan','Asperiores perspiciatis qui iure nemo quam provident laudantium. Aperiam recusandae aut ad corrupti expedita. Delectus omnis dolore vitae voluptas consectetur sed soluta ut.',5,'2018-03-28 05:22:03','2018-03-28 05:22:03'),
	(113,246,'Dr. Reginald D\'Amore','Et occaecati rem quo temporibus. Et at aliquid maiores consequuntur nihil quo unde. Cupiditate alias tempora qui architecto. Eligendi aliquam provident quia beatae accusantium nostrum assumenda.',2,'2018-03-28 05:22:03','2018-03-28 05:22:03'),
	(114,171,'Lukas Kling','Molestias in autem nihil illo hic. Vitae consequatur suscipit quis quibusdam consequatur perferendis. Officiis nihil culpa tempore rerum similique et. Ad cumque quia vel quibusdam itaque quia.',0,'2018-03-28 05:22:03','2018-03-28 05:22:03'),
	(115,250,'Mavis Ritchie','Et et mollitia voluptates asperiores. Ut quae debitis voluptatem est sed. Quo necessitatibus soluta accusamus saepe molestiae nihil. Error voluptatum officia quam ullam laboriosam.',0,'2018-03-28 05:22:03','2018-03-28 05:22:03'),
	(116,80,'Mr. Eusebio Jakubowski III','Accusamus similique omnis mollitia officiis quam repellendus necessitatibus. Ut nihil nulla deleniti enim molestiae. Molestiae expedita omnis doloribus repudiandae voluptatum.',0,'2018-03-28 05:22:03','2018-03-28 05:22:03'),
	(117,234,'Wilmer Kautzer','Excepturi optio ipsa quisquam deserunt. Perferendis soluta tempore nisi et. Odio provident dolor sit perferendis quos voluptatem cupiditate.',1,'2018-03-28 05:22:03','2018-03-28 05:22:03'),
	(118,198,'Prof. Beulah Rodriguez DVM','In eveniet doloremque molestiae necessitatibus consequatur ut hic. Quasi iure est quasi aut odit temporibus vel. Quod nulla cum repellendus molestiae vero quis nemo.',1,'2018-03-28 05:22:03','2018-03-28 05:22:03'),
	(119,200,'Salvador Beer','Labore incidunt explicabo voluptatem iste dolore ea. Ea nostrum explicabo eaque quo ut incidunt nihil commodi. Iste et sint molestiae dolorum.',0,'2018-03-28 05:22:03','2018-03-28 05:22:03'),
	(120,197,'Nash Douglas','Exercitationem adipisci sint non vel. Occaecati quis consectetur inventore et. Ut iusto possimus dicta rerum et sint laborum illum. Quas pariatur nisi est ipsa reiciendis vel nesciunt quam.',3,'2018-03-28 05:22:03','2018-03-28 05:22:03'),
	(121,111,'Marc Feest DDS','Voluptate voluptatem aut recusandae id illum optio aliquam. Porro veritatis ratione sapiente voluptatum. Blanditiis dolorem voluptas quo et aut qui. Distinctio ex facere et.',3,'2018-03-28 05:22:03','2018-03-28 05:22:03'),
	(122,8,'Prof. Jaylin Denesik MD','Earum nostrum nesciunt praesentium aspernatur non quo id. Molestias laudantium eligendi et sit enim. Ex libero earum nihil et. Maxime dicta nihil ex corporis illum ea.',4,'2018-03-28 05:22:03','2018-03-28 05:22:03'),
	(123,95,'Peyton Feil','Id distinctio esse neque numquam facere. Odit sit unde porro reprehenderit qui. Corporis temporibus sapiente at alias nihil at omnis. Ullam praesentium qui vero molestias.',0,'2018-03-28 05:22:03','2018-03-28 05:22:03'),
	(124,248,'Eda Klein','Laudantium sit inventore minima vel sed natus cumque sit. Sunt illum laudantium sed sed perspiciatis minima.',4,'2018-03-28 05:22:03','2018-03-28 05:22:03'),
	(125,170,'Manuela Russel MD','Assumenda molestiae tenetur nihil voluptates. Aut consectetur eos nobis saepe quod. Qui aut assumenda voluptatem blanditiis consequatur consequatur.',0,'2018-03-28 05:22:03','2018-03-28 05:22:03'),
	(126,206,'Dr. Guy Ullrich V','Perferendis commodi quod ad facilis ipsam. Excepturi corrupti dolorum sequi hic rerum distinctio commodi.',0,'2018-03-28 05:22:03','2018-03-28 05:22:03'),
	(127,119,'Prof. Dorian Stracke','Consequatur rem rem deserunt autem occaecati sint mollitia inventore. Veritatis ratione molestiae qui facere ex sit et. Neque nihil voluptas non consequatur.',0,'2018-03-28 05:22:03','2018-03-28 05:22:03'),
	(128,149,'Mauricio Berge','Error sapiente ex non esse. Illum sed blanditiis possimus vel repellendus sapiente id aperiam. Sunt placeat iste sunt vero.',2,'2018-03-28 05:22:03','2018-03-28 05:22:03'),
	(129,84,'Marley Dicki','Praesentium odio corporis ratione cupiditate omnis non dolores eum. Quos in aliquid est fugit ducimus laboriosam voluptatem. Qui optio ut ratione.',0,'2018-03-28 05:22:03','2018-03-28 05:22:03'),
	(130,199,'Arnulfo Ferry','Ullam enim voluptas quam possimus. Quis recusandae magnam consequatur voluptas. Nihil dicta dolor sunt molestiae repudiandae odio non. Et unde molestiae voluptatem harum aut asperiores fugiat.',3,'2018-03-28 05:22:03','2018-03-28 05:22:03'),
	(131,112,'Sydnie Abshire PhD','Voluptas fuga molestiae consequuntur quos a nemo adipisci. Et est nihil odit quo. Et debitis quos nostrum voluptas aspernatur.',5,'2018-03-28 05:22:03','2018-03-28 05:22:03'),
	(132,133,'Talia Beahan Jr.','Non rerum rerum velit at. Iusto est atque dolore. Explicabo quae ipsum quibusdam expedita libero id.',5,'2018-03-28 05:22:03','2018-03-28 05:22:03'),
	(133,230,'Jakayla Toy','Commodi ut suscipit rerum et. Dicta molestiae ratione cupiditate cum qui accusamus dignissimos. Dicta modi minus ducimus possimus nemo eum.',3,'2018-03-28 05:22:03','2018-03-28 05:22:03'),
	(134,249,'Joyce Schowalter','Id voluptatem eum iusto natus deserunt. Perferendis sunt neque laudantium. Eum maxime consectetur excepturi odio.',4,'2018-03-28 05:22:03','2018-03-28 05:22:03'),
	(135,177,'Tevin Prosacco','Reiciendis id autem dignissimos ut eum eveniet qui. Aliquam sed quasi tempora cum ab quod sed. Ut ex tempora voluptatem sint excepturi molestias repudiandae. Ut deleniti vitae sapiente voluptate sit.',0,'2018-03-28 05:22:03','2018-03-28 05:22:03'),
	(136,98,'Manley Blick','Sed enim incidunt deserunt quasi aspernatur consectetur. Consectetur cupiditate eius excepturi.',5,'2018-03-28 05:22:03','2018-03-28 05:22:03'),
	(137,239,'Unique Kulas PhD','Accusamus id deserunt distinctio. Doloribus non rerum qui fugit aut molestiae nobis.',1,'2018-03-28 05:22:03','2018-03-28 05:22:03'),
	(138,81,'Turner Dickens','Quae non sed expedita aut et sit soluta. Officia sit eum corporis. Omnis sit facilis quod quia occaecati voluptatem. Et nihil quasi aut rerum modi voluptas et.',4,'2018-03-28 05:22:03','2018-03-28 05:22:03'),
	(139,244,'Ms. Pinkie Schaden','Iusto sit neque beatae temporibus nobis atque sit. Sit laudantium ex enim et voluptatem amet. Tenetur cupiditate mollitia nostrum nihil.',1,'2018-03-28 05:22:03','2018-03-28 05:22:03'),
	(140,132,'Laura Kuvalis','Quidem omnis id temporibus et. Illum aut rerum perferendis consequatur fugit sint harum. Id occaecati velit non architecto fuga similique quidem id. Voluptatem nihil facere voluptatem facere repellendus quo.',4,'2018-03-28 05:22:03','2018-03-28 05:22:03'),
	(141,195,'Mike Fahey','Quaerat ea doloremque dolorum occaecati voluptate necessitatibus. Sit expedita ut quam totam dicta cum voluptatem. Omnis cupiditate eveniet pariatur quas non. Eveniet a vitae et veritatis sequi a voluptas.',0,'2018-03-28 05:22:03','2018-03-28 05:22:03'),
	(142,69,'Josie Fritsch','Quas dolorum vel possimus quia voluptas. Est sapiente natus dolor repellat ut placeat. Cumque eligendi rerum quaerat in voluptatem amet.',1,'2018-03-28 05:22:03','2018-03-28 05:22:03'),
	(143,86,'Derrick Schaefer MD','Aspernatur et perferendis architecto qui. Aut et labore ullam eaque consequatur. Nesciunt molestiae pariatur rerum ducimus sint fugit. Eius qui porro enim et maiores aliquid assumenda. Rerum ut sed ut facilis tenetur.',2,'2018-03-28 05:22:03','2018-03-28 05:22:03'),
	(144,26,'Jackie Torphy','Placeat autem doloribus et quae enim. Earum qui necessitatibus omnis eaque et. Iure earum vel et sed dignissimos. Facere dolore fuga facilis aut.',3,'2018-03-28 05:22:03','2018-03-28 05:22:03'),
	(145,241,'Brock Konopelski','Explicabo voluptas ea est dolorum labore maiores illo impedit. Blanditiis consequatur tempora aliquid. Corrupti minus doloremque qui aspernatur vel culpa fugiat.',0,'2018-03-28 05:22:03','2018-03-28 05:22:03'),
	(146,202,'Gerda Bins','Quis aut aut eum ut distinctio placeat eum. Quam et eos eos ab. Quia nulla qui rerum quod laborum sint quidem.',0,'2018-03-28 05:22:03','2018-03-28 05:22:03'),
	(147,18,'Dr. Grayson Sauer MD','Consequuntur et sunt sint ipsam earum. Accusantium qui ut quae. Aut ipsum magnam deleniti eum aperiam sed. Ea mollitia quas pariatur sit incidunt et nihil.',5,'2018-03-28 05:22:03','2018-03-28 05:22:03'),
	(148,19,'Aida Franecki','Ex laborum incidunt doloremque corrupti suscipit. Est sit ullam qui quis excepturi. Ea pariatur provident et sint distinctio. Quis qui soluta et enim dicta minus deserunt.',4,'2018-03-28 05:22:03','2018-03-28 05:22:03'),
	(149,116,'Trace Bahringer','Sed ducimus aut assumenda tempora veniam sed nemo commodi. Quo eos architecto hic. Voluptas quisquam dolorum expedita dolorem et. A eos animi sequi sit.',1,'2018-03-28 05:22:03','2018-03-28 05:22:03'),
	(150,5,'Ariel Waelchi','Ipsam est exercitationem rem expedita deleniti reiciendis. Tempora sit accusantium in velit est atque possimus. Magni a veniam vel et consequuntur eveniet culpa. Sunt et sequi enim eius.',2,'2018-03-28 05:22:03','2018-03-28 05:22:03'),
	(151,218,'Antonette Sporer','Placeat dolore non repellendus dignissimos totam quia sunt. Laudantium nemo recusandae deleniti maxime.',4,'2018-03-28 05:22:03','2018-03-28 05:22:03'),
	(152,80,'Ansley McKenzie Jr.','Maxime consequatur rerum labore iste incidunt. Dolorum vel deserunt veritatis deserunt itaque quaerat explicabo est. Pariatur et dolores corporis fuga illo voluptate voluptatibus. Nisi omnis quo temporibus placeat enim.',5,'2018-03-28 05:22:03','2018-03-28 05:22:03'),
	(153,30,'Johnnie Schmidt II','Consequatur nisi quas reiciendis qui nisi aspernatur. Quisquam necessitatibus assumenda qui nihil facere. Non voluptatum voluptatem eveniet repellat porro architecto. Quia dolor saepe incidunt et quia incidunt.',3,'2018-03-28 05:22:03','2018-03-28 05:22:03'),
	(154,80,'Izabella Ondricka DDS','Hic aut eius quia inventore natus consectetur porro. Unde dolorem voluptas dolores esse optio aspernatur sit. Officiis eius non incidunt dolorum.',0,'2018-03-28 05:22:03','2018-03-28 05:22:03'),
	(155,126,'Noemi Robel','Adipisci enim corrupti vero natus. Est facilis dolore quisquam totam in ipsa.',4,'2018-03-28 05:22:03','2018-03-28 05:22:03'),
	(156,75,'Miss Marilie Howe','Ipsam sit ut qui suscipit repudiandae eveniet. Voluptas laudantium molestiae voluptas ullam et autem. Ex similique ut unde distinctio est ipsum. Unde optio numquam eveniet aut pariatur eum.',1,'2018-03-28 05:22:03','2018-03-28 05:22:03'),
	(157,94,'Ms. Jayne Nitzsche','Atque laboriosam perspiciatis ut. Itaque et animi mollitia corrupti totam est ea. Consectetur aut ab unde enim ut. Placeat mollitia rerum dignissimos et.',2,'2018-03-28 05:22:03','2018-03-28 05:22:03'),
	(158,103,'Pearl Altenwerth','Eius voluptatibus quaerat modi amet necessitatibus quasi autem. Ut quibusdam mollitia quidem labore odit voluptas. Dolorem explicabo aperiam unde est.',5,'2018-03-28 05:22:03','2018-03-28 05:22:03'),
	(159,69,'Armando Steuber DVM','Ab ab non quae saepe et iure. Est sunt quia a dolorum id non sapiente. Voluptatem voluptatum magni vitae et praesentium. Inventore perferendis a occaecati totam.',4,'2018-03-28 05:22:03','2018-03-28 05:22:03'),
	(160,28,'Lourdes Yost PhD','Nam occaecati id occaecati quia rerum fuga et qui. Velit placeat et voluptatibus atque autem dignissimos reprehenderit. Quod numquam aperiam molestiae dolores rerum nostrum architecto. Esse tempore reprehenderit hic debitis.',3,'2018-03-28 05:22:03','2018-03-28 05:22:03'),
	(161,25,'Ms. Nya Bechtelar','Veniam eveniet est accusamus commodi iusto voluptatem qui est. Ut similique nam commodi sit. Voluptatem quasi voluptate fugit quis. Rerum expedita ipsum repellat rerum.',4,'2018-03-28 05:22:03','2018-03-28 05:22:03'),
	(162,105,'Genesis Olson','Itaque qui qui rem. Id eos rerum ea molestiae quae. Occaecati est ut debitis suscipit nihil sint. Ut incidunt placeat molestias velit.',4,'2018-03-28 05:22:03','2018-03-28 05:22:03'),
	(163,138,'Libbie Schneider','Repellat consequatur molestiae dolor odio ab. Nam est explicabo et quia et molestiae aspernatur. Nulla est in quae.',3,'2018-03-28 05:22:03','2018-03-28 05:22:03'),
	(164,84,'Bert Smitham Sr.','Voluptas iusto praesentium fugiat dicta et. Possimus exercitationem hic sequi hic nihil ut aliquam quod. Sint maiores officia neque sit sunt.',2,'2018-03-28 05:22:03','2018-03-28 05:22:03'),
	(165,129,'Lavinia Keeling','Est ipsum suscipit inventore odit et. Sed libero vel sed consequatur ab saepe nihil. Dolores eum iusto sed dolor dolores labore. Omnis autem harum illum.',3,'2018-03-28 05:22:03','2018-03-28 05:22:03'),
	(166,196,'Celia Considine','Voluptatem consequatur suscipit enim accusamus ut totam temporibus dolores. Deserunt rerum reprehenderit perferendis distinctio. Commodi delectus illo et tempora ut voluptas soluta. Eveniet aut porro quo eaque repellendus ut qui.',2,'2018-03-28 05:22:03','2018-03-28 05:22:03'),
	(167,170,'Mr. Raymond Kuhn Sr.','Aut sed quia ut est quidem ipsum. Dolorem eum aliquam corrupti temporibus dolor aut quidem.',1,'2018-03-28 05:22:03','2018-03-28 05:22:03'),
	(168,37,'Prof. Jana Bashirian','Error explicabo minima optio dolorem quia nemo. Voluptatem fugiat ut voluptatum nemo sint. Aspernatur facilis consequatur possimus quod consectetur magni aut. Fugiat perspiciatis quo non ab aut dolor. Consectetur omnis sunt sit soluta rem.',3,'2018-03-28 05:22:03','2018-03-28 05:22:03'),
	(169,147,'Phoebe Kerluke','Ducimus aperiam cum est. Deleniti ad reiciendis velit eveniet quas vitae deleniti aut. Quo et voluptas qui laborum.',4,'2018-03-28 05:22:03','2018-03-28 05:22:03'),
	(170,209,'Mr. Erling Reilly','Est totam deserunt porro accusantium expedita qui. Amet fuga qui saepe ab ex qui et et. Voluptatem animi laborum doloribus quidem distinctio. Voluptate minus aut incidunt quod.',4,'2018-03-28 05:22:03','2018-03-28 05:22:03'),
	(171,36,'Dr. Gerson Sanford DVM','Omnis eum blanditiis minus error qui. Dolorem est molestiae sed ad corporis sint veniam. Possimus non aut esse.',4,'2018-03-28 05:22:03','2018-03-28 05:22:03'),
	(172,32,'Lemuel Gerlach IV','Et animi aliquam doloribus voluptatem numquam voluptatem. Hic suscipit culpa cumque ipsam. Tempore quas quis culpa provident alias et nihil. Architecto minus sunt aperiam adipisci.',1,'2018-03-28 05:22:03','2018-03-28 05:22:03'),
	(173,211,'Penelope Greenfelder','Soluta dolore accusamus numquam quaerat aut tenetur fuga ab. Et molestiae omnis ut corporis reprehenderit tempora. Cupiditate quo adipisci et.',5,'2018-03-28 05:22:03','2018-03-28 05:22:03'),
	(174,158,'Dr. Reymundo Stehr V','Iste facilis qui voluptatibus aut odit impedit veritatis necessitatibus. Quo corporis sequi sunt id autem quo non est. Voluptatibus officia eos sed ut.',1,'2018-03-28 05:22:03','2018-03-28 05:22:03'),
	(175,80,'Dr. Lindsay Weissnat','Atque in ut animi possimus blanditiis suscipit. Porro voluptas et placeat consectetur ut.',1,'2018-03-28 05:22:03','2018-03-28 05:22:03'),
	(176,146,'Mabel Langworth','Perspiciatis ab nihil consectetur facere aut qui vero. Quibusdam beatae nulla molestias qui aut dolor harum. Dolorem autem illo quod quae.',5,'2018-03-28 05:22:03','2018-03-28 05:22:03'),
	(177,39,'Dr. Frederic Willms','Nulla est sit occaecati eum voluptatem consequuntur. Rerum qui velit praesentium est molestias. Corrupti sed perspiciatis non vero porro repellendus sed et. Necessitatibus eum et reprehenderit.',4,'2018-03-28 05:22:03','2018-03-28 05:22:03'),
	(178,31,'Dr. Jasen Lebsack','Ea maxime quo quisquam et id. Sed aut sit commodi iusto vel enim. Rem est maiores voluptatem atque sit iusto reprehenderit. Repellendus ut eum mollitia.',4,'2018-03-28 05:22:03','2018-03-28 05:22:03'),
	(179,75,'Dr. Ewald Moen I','Enim itaque nihil modi autem. Cumque voluptatem enim minus est quo. At dignissimos illum quo doloremque autem sequi rem ut.',3,'2018-03-28 05:22:03','2018-03-28 05:22:03'),
	(180,101,'Dennis Reichel','Reiciendis eos incidunt assumenda illo quaerat sint suscipit. Dolores asperiores odit alias quisquam totam aliquam omnis. Non aliquam sit quas deserunt atque unde.',3,'2018-03-28 05:22:03','2018-03-28 05:22:03'),
	(181,16,'Korbin Klocko','Quo non aliquid eum quae ipsa. Dolor expedita maiores nisi consequatur neque dolore illo corporis. Et distinctio modi maiores. Dolor sed rerum facilis perferendis amet fuga. Corporis recusandae incidunt dolores sequi molestias ratione possimus.',3,'2018-03-28 05:22:03','2018-03-28 05:22:03'),
	(182,61,'Ferne Rutherford','Dolores iste natus consequatur minus expedita. Neque mollitia qui rerum fugit fugiat vel. Commodi aut dolor enim in esse. Ut alias nam at sint exercitationem.',3,'2018-03-28 05:22:03','2018-03-28 05:22:03'),
	(183,239,'Katelynn Ruecker','Quaerat autem exercitationem dolor molestiae quia facere esse. Necessitatibus consequuntur delectus suscipit impedit ut et. Qui neque quos quas asperiores culpa in nam.',2,'2018-03-28 05:22:03','2018-03-28 05:22:03'),
	(184,238,'Chaim Stokes V','Voluptas culpa dolorum sapiente quibusdam consequatur ut delectus rerum. Voluptatem ut et eligendi tempora totam dignissimos. Ratione voluptatibus aut accusamus dolorem laudantium officia aperiam earum. Rem aut aut error omnis.',1,'2018-03-28 05:22:03','2018-03-28 05:22:03'),
	(185,91,'Jarred O\'Kon','Consequatur aut ut saepe ratione nemo vel sapiente non. Aliquid dicta ea omnis soluta non blanditiis quis quaerat. Dolores excepturi culpa eveniet. Sapiente fugiat recusandae repellat iusto perferendis alias.',2,'2018-03-28 05:22:03','2018-03-28 05:22:03'),
	(186,100,'Casimir Roob','Reiciendis est rerum ut nisi. Est omnis omnis debitis explicabo corrupti inventore rerum. Qui pariatur molestiae necessitatibus illo voluptatem.',5,'2018-03-28 05:22:03','2018-03-28 05:22:03'),
	(187,163,'Abigayle Towne','Asperiores quidem ducimus omnis maxime. Eos qui dolorem eos quibusdam facere non. Magnam earum impedit tempore temporibus tempora repellat. Laudantium inventore illum quis ut esse qui at officiis. Id sunt accusantium sit aut sint voluptatibus inventore velit.',2,'2018-03-28 05:22:03','2018-03-28 05:22:03'),
	(188,112,'Kade Mitchell','Sunt maiores ut optio voluptatem quae repellat. Ratione molestiae alias tempore aut. Odio sit sed aliquid quod distinctio non. Inventore qui repellat voluptates autem quos amet ut.',4,'2018-03-28 05:22:03','2018-03-28 05:22:03'),
	(189,210,'Verlie Daugherty','Itaque et culpa perferendis incidunt. Omnis fuga illo omnis sapiente fugit quia natus.',3,'2018-03-28 05:22:03','2018-03-28 05:22:03'),
	(190,136,'Ms. Evie Auer','Est nam fugit minus ut. Adipisci pariatur fugit quis consectetur. Voluptatem non quasi sint impedit et commodi. Beatae enim ipsa esse sit et esse tempore.',2,'2018-03-28 05:22:03','2018-03-28 05:22:03'),
	(191,235,'Mrs. Estel Collins Jr.','Voluptate quos ea ab non consequatur. Totam maiores amet quia sint. Impedit deserunt necessitatibus enim et.',3,'2018-03-28 05:22:03','2018-03-28 05:22:03'),
	(192,230,'Orlando Macejkovic','Harum adipisci animi quae iste ut nemo. Ab repellendus quos molestias voluptates consectetur esse. Praesentium aut autem officiis recusandae similique sed.',1,'2018-03-28 05:22:03','2018-03-28 05:22:03'),
	(193,106,'Lonnie Swift','Impedit odit qui sit ut aperiam. Aut ipsa exercitationem doloribus. Qui quaerat ex consequatur velit ut eligendi aperiam. Nam fuga dolores voluptatum quis.',2,'2018-03-28 05:22:03','2018-03-28 05:22:03'),
	(194,112,'Zelda Huels','Aspernatur magni quia quo dolores. Consequuntur possimus dolores optio neque mollitia inventore ducimus. Omnis facere officia beatae consequatur tempore.',1,'2018-03-28 05:22:03','2018-03-28 05:22:03'),
	(195,121,'Derek Shanahan','Voluptates nihil enim sunt est et. Sequi laborum quo quibusdam reiciendis ex totam ipsam. Est qui voluptas debitis officiis similique nesciunt.',5,'2018-03-28 05:22:03','2018-03-28 05:22:03'),
	(196,160,'Mrs. Kyla Kunde','Ipsa repellendus sed incidunt qui nisi ut voluptatem. Veniam nulla corrupti suscipit.',0,'2018-03-28 05:22:03','2018-03-28 05:22:03'),
	(197,238,'Kaitlyn Nikolaus','Odit magni architecto quis distinctio tenetur modi accusamus. Illo magni excepturi autem ut nihil similique est. Esse in quam doloribus et. Laudantium enim officiis dolore dolores quia et animi.',5,'2018-03-28 05:22:03','2018-03-28 05:22:03'),
	(198,81,'Seth Olson','Sit recusandae praesentium saepe minima. Quia et tempore illo id exercitationem perspiciatis fuga. Aut delectus consectetur eum aliquid aliquid necessitatibus reiciendis.',0,'2018-03-28 05:22:03','2018-03-28 05:22:03'),
	(199,199,'Angel Yost','Deserunt aut ea quia voluptas voluptatem velit. Velit omnis et iste sit consequatur tempore sint. Asperiores est quia ipsam sunt aliquam minus.',4,'2018-03-28 05:22:03','2018-03-28 05:22:03'),
	(200,164,'Aiden Powlowski Sr.','Fuga aperiam aliquam eum officia. Inventore omnis doloremque magnam adipisci. Aspernatur id ut eligendi velit.',5,'2018-03-28 05:22:03','2018-03-28 05:22:03'),
	(201,156,'Cornell Feest','Optio voluptatum veniam et esse sequi sit deserunt. Exercitationem eius numquam voluptas dolorem aut sed. Voluptates in repellat molestiae ut autem quam eum. Magnam qui nisi sed sit aspernatur qui ullam aut.',2,'2018-03-28 05:22:03','2018-03-28 05:22:03'),
	(202,62,'Miss Lenna Macejkovic','Eius autem facilis dolorem adipisci eius expedita tempora. Qui harum rerum autem omnis rem vel. Occaecati quidem et et labore quis et delectus.',1,'2018-03-28 05:22:03','2018-03-28 05:22:03'),
	(203,243,'Marlin Hyatt','At distinctio aut et quia autem. Neque ab quia iure qui voluptatibus delectus. Necessitatibus rem sequi suscipit illo quo facere hic ducimus. Aliquam voluptatem fuga autem et sequi et dolorum.',4,'2018-03-28 05:22:03','2018-03-28 05:22:03'),
	(204,216,'Lourdes Schroeder','Itaque fugiat fuga quia animi omnis dolor dolor. Modi quod quae aut ab neque. Nostrum ut veniam asperiores soluta ipsam dolor quae. Illo vero autem ut voluptas et.',4,'2018-03-28 05:22:03','2018-03-28 05:22:03'),
	(205,1,'Prof. Lance Balistreri IV','Recusandae aliquid illum fugiat alias nihil ab. Autem provident totam modi autem necessitatibus.',5,'2018-03-28 05:22:03','2018-03-28 05:22:03'),
	(206,54,'Maggie Smith','At repellat aspernatur at voluptatem consequuntur dolorem quia. Autem provident magni nemo fuga quo quos ratione. Incidunt nulla ea perferendis. Tenetur sequi velit quod quod ipsam nostrum porro.',3,'2018-03-28 05:22:03','2018-03-28 05:22:03'),
	(207,9,'Jensen Beier','Maxime necessitatibus saepe animi quia. Eos corporis atque illo totam necessitatibus et et similique. Assumenda repellat numquam suscipit repellat. Iusto unde id illum ipsum hic ut nesciunt. Laboriosam voluptas neque dolorem sint modi cumque.',0,'2018-03-28 05:22:03','2018-03-28 05:22:03'),
	(208,40,'Tomasa Cronin','Magni sunt qui voluptatem esse. In voluptas est velit accusantium iusto consectetur qui sequi. Doloremque maiores ea esse voluptatem. Fugiat aliquam vel vel est error iste quas.',3,'2018-03-28 05:22:03','2018-03-28 05:22:03'),
	(209,244,'Rachel Batz','Aut esse accusamus totam et. Corporis ratione eveniet qui repudiandae qui quae officiis. Doloribus repellat vero voluptatem debitis deserunt. Est odit provident quisquam repudiandae nesciunt quia veritatis.',5,'2018-03-28 05:22:03','2018-03-28 05:22:03'),
	(210,194,'Leslie Corkery','Et voluptate rerum ut rerum. Deleniti voluptas et et at qui quaerat nemo et.',4,'2018-03-28 05:22:03','2018-03-28 05:22:03'),
	(211,185,'Prof. Alanna Bogan Sr.','Aut qui rerum totam dolor. Ducimus quam aut pariatur totam atque. Ad distinctio corrupti et sapiente praesentium cupiditate temporibus.',5,'2018-03-28 05:22:03','2018-03-28 05:22:03'),
	(212,130,'Mr. Damian Walsh II','Optio dolores eum beatae qui. Praesentium corrupti occaecati aliquid voluptatem nihil quia. Qui maxime laudantium in.',0,'2018-03-28 05:22:03','2018-03-28 05:22:03'),
	(213,4,'Dr. Hardy Goldner Jr.','Et cupiditate sit qui nihil est dignissimos voluptatum. Repellendus debitis odit voluptatem qui sapiente enim corrupti. Maxime quia voluptatem porro explicabo culpa fugit voluptatibus.',4,'2018-03-28 05:22:03','2018-03-28 05:22:03'),
	(214,41,'Jonathon Gutkowski','Debitis ipsam nihil consequatur voluptatum qui. Dolores natus magni eos corporis. Dolores et doloremque omnis et sit ut.',2,'2018-03-28 05:22:03','2018-03-28 05:22:03'),
	(215,111,'Trevion Simonis','Amet animi incidunt iusto cumque. Ut id et molestiae autem rem saepe voluptate necessitatibus. Doloremque ut culpa deserunt est architecto voluptatem in. Nisi qui nesciunt quidem qui illo eos consectetur asperiores.',4,'2018-03-28 05:22:03','2018-03-28 05:22:03'),
	(216,150,'Kayleigh Jacobson','Sit perspiciatis at dolorem tenetur nam dolorem. Architecto qui eos vel nobis quo et. Ut voluptas debitis et illo et error. Sunt et quibusdam qui officia.',0,'2018-03-28 05:22:03','2018-03-28 05:22:03'),
	(217,151,'Ms. Stephania Heaney','Exercitationem a velit illum rerum fugit exercitationem nihil. Consequatur dolor id vel est sed inventore quia. Qui autem et corporis illo unde omnis.',5,'2018-03-28 05:22:03','2018-03-28 05:22:03'),
	(218,51,'Gregorio Schultz','Est perferendis ipsa velit qui recusandae esse et. Optio at nulla adipisci autem quisquam. Nesciunt nemo iure reprehenderit. Ratione quia et ipsa dolorum.',0,'2018-03-28 05:22:03','2018-03-28 05:22:03'),
	(219,215,'Nathanial Sanford','Nobis eos facere quis rerum nobis ea. Nisi qui culpa sit facilis doloribus. Vel fugit quo velit quo ducimus magnam. Esse esse quis consectetur consequatur est eaque.',3,'2018-03-28 05:22:03','2018-03-28 05:22:03'),
	(220,224,'Dr. Roger Predovic','Id voluptates vel qui repellat harum. Illum suscipit blanditiis ullam quidem saepe maxime. Eum est ea expedita laborum et deserunt. Voluptate omnis sunt nobis ut odit.',0,'2018-03-28 05:22:03','2018-03-28 05:22:03'),
	(221,91,'Pamela Nicolas','Eos enim eum incidunt aspernatur et necessitatibus minima. Qui distinctio qui eligendi et dolorem. Ducimus minima ducimus iure maiores autem fuga. Sunt exercitationem dolor maiores sint perferendis.',4,'2018-03-28 05:22:03','2018-03-28 05:22:03'),
	(222,85,'Flo Roob','Dolores praesentium soluta et quia. Rerum aut molestiae nihil corrupti quasi asperiores voluptatum quia. Ab error laborum impedit. Nostrum veritatis maxime dolores culpa ut et. Ratione eligendi quos nesciunt voluptatum rem vel ullam molestias.',2,'2018-03-28 05:22:03','2018-03-28 05:22:03'),
	(223,129,'Mrs. Jade Nader Sr.','Facere similique ullam adipisci magni sunt iusto. A deserunt rem officia. Dicta est veniam amet ipsum et. Cum aut consectetur aliquid dolorum rerum accusamus iusto.',1,'2018-03-28 05:22:03','2018-03-28 05:22:03'),
	(224,86,'Ike Swaniawski','Quaerat molestias corrupti odit veniam consequuntur. Tempore et enim eum quasi deleniti doloribus. Enim nulla necessitatibus et doloribus consequatur numquam id. Quam cumque et labore tempora provident culpa consequatur.',1,'2018-03-28 05:22:03','2018-03-28 05:22:03'),
	(225,187,'Reuben Klein','Cum aliquam aperiam eligendi nisi commodi. Amet ea exercitationem qui mollitia quam.',5,'2018-03-28 05:22:03','2018-03-28 05:22:03'),
	(226,155,'Janessa White','Et necessitatibus nostrum voluptatem consectetur numquam. Eius et tenetur enim cupiditate at labore rerum. Doloremque aut quia est odio qui accusamus mollitia. Error aliquam voluptate excepturi eum et harum.',1,'2018-03-28 05:22:03','2018-03-28 05:22:03'),
	(227,175,'Miss Leila Wyman DDS','Nihil et ea et et sunt odit atque. Sed ut incidunt ipsa animi fugit tempora. Quis aut inventore debitis est nam rerum inventore quibusdam.',1,'2018-03-28 05:22:03','2018-03-28 05:22:03'),
	(228,123,'Sabina Abbott','Aspernatur veniam veniam fuga ab reiciendis. Rerum quas at voluptatem error molestiae. Aut ipsum eos et aut fuga sapiente pariatur. Veritatis molestias eligendi in et quo dolorum.',5,'2018-03-28 05:22:03','2018-03-28 05:22:03'),
	(229,230,'Mrs. Heaven Schultz','Sit qui dolorum sunt occaecati culpa est dolores iure. Fugiat pariatur maxime eos dolorem autem id at. Corporis adipisci amet illo laudantium sint voluptate totam. Inventore incidunt odio quia quam aperiam veniam aliquam. Voluptates magnam deserunt occaecati.',0,'2018-03-28 05:22:03','2018-03-28 05:22:03'),
	(230,12,'Kathleen Lubowitz','Voluptas delectus nesciunt quia rem voluptatem. Sunt dolorum alias explicabo nihil. Enim deleniti praesentium nostrum aut qui.',3,'2018-03-28 05:22:03','2018-03-28 05:22:03'),
	(231,116,'Stephen Runte','Tempora qui sit nulla facilis porro sit repellat quia. Alias minus tempora nesciunt voluptas et cupiditate perferendis. Dolorum perferendis impedit fugiat possimus id.',0,'2018-03-28 05:22:03','2018-03-28 05:22:03'),
	(232,58,'Rodrick King','Non qui officiis dolore error eum. Illo qui deleniti illum sequi et sapiente. Veniam sunt qui nihil rerum.',1,'2018-03-28 05:22:03','2018-03-28 05:22:03'),
	(233,67,'Mr. Morgan Smith PhD','Maxime a voluptatem repellendus explicabo nihil iure. Blanditiis asperiores illum provident fugiat ea. Consequuntur fugit cum sit sequi harum non architecto aut. Tempore itaque architecto architecto.',1,'2018-03-28 05:22:03','2018-03-28 05:22:03'),
	(234,84,'Prof. Hilton Hirthe V','Nam modi voluptas sunt ut. Qui molestiae fugiat id accusamus. Quae incidunt ex ex unde ratione. Et saepe quibusdam non fuga.',0,'2018-03-28 05:22:03','2018-03-28 05:22:03'),
	(235,74,'Dr. Kamryn Spinka I','Enim quidem dolor dolores accusantium corrupti. Et et dignissimos et est voluptatibus sequi est. Id omnis vel deleniti ducimus.',0,'2018-03-28 05:22:03','2018-03-28 05:22:03'),
	(236,45,'Dr. Amos Beier Sr.','Minima ut officia id et optio aperiam esse. Iusto alias autem odit sit et dicta nesciunt non. Porro ut eaque officiis voluptatibus.',1,'2018-03-28 05:22:03','2018-03-28 05:22:03'),
	(237,74,'Hailey Rolfson','Neque aliquid sed est adipisci ex consequuntur quaerat. Perferendis neque enim ab dolores qui inventore magnam. Fuga consequatur aperiam odit ratione et hic velit pariatur.',3,'2018-03-28 05:22:03','2018-03-28 05:22:03'),
	(238,232,'Fredrick Smitham','In rem veritatis sapiente ut fugiat dolore saepe saepe. Itaque iure itaque dolor aut. Illo dicta ut corporis neque aliquam.',2,'2018-03-28 05:22:03','2018-03-28 05:22:03'),
	(239,146,'Nikko Gislason','Quis blanditiis aut provident cum enim. Temporibus aut cumque possimus qui non odio non. Iusto inventore velit et corrupti dolores at.',4,'2018-03-28 05:22:03','2018-03-28 05:22:03'),
	(240,34,'Dr. Jenifer Conroy Jr.','Iusto rem voluptas consequatur sit aliquam expedita. Sed voluptatum corrupti et voluptatem libero. Fugit veritatis dolorem quia. Nesciunt et et rerum tempora assumenda enim esse.',5,'2018-03-28 05:22:03','2018-03-28 05:22:03'),
	(241,122,'Prof. Clyde Hamill V','Architecto nesciunt facere quas placeat laborum. Commodi distinctio eum accusamus dolore laboriosam minima. Neque sed dolores odit consequatur ut animi ex. Porro vero cupiditate illo eligendi nesciunt autem.',1,'2018-03-28 05:22:03','2018-03-28 05:22:03'),
	(242,17,'Rossie Jacobi','Ut vitae reprehenderit harum debitis mollitia. Quaerat cumque enim aut a officiis accusamus voluptate.',5,'2018-03-28 05:22:03','2018-03-28 05:22:03'),
	(243,232,'Jeramy Thiel','Eum quidem officiis voluptate. Sequi harum asperiores quisquam amet rerum vel sequi ipsam. Dolores esse est placeat possimus quae odio qui.',2,'2018-03-28 05:22:03','2018-03-28 05:22:03'),
	(244,203,'Dr. Minnie Bogisich Jr.','Ut officiis dolorem aut laudantium esse fuga velit. Pariatur reprehenderit eos a laborum nostrum nostrum. Sint sint cum dolorem accusamus velit. Eveniet ut quo animi in aut. Quos asperiores nemo delectus nemo eum rerum.',0,'2018-03-28 05:22:03','2018-03-28 05:22:03'),
	(245,214,'Maurice Greenfelder','Consequatur accusamus quo sunt omnis. Facilis voluptatem sit dignissimos nihil est et. Et nulla amet quidem necessitatibus non.',0,'2018-03-28 05:22:03','2018-03-28 05:22:03'),
	(246,192,'Hollis Jast','Sapiente iusto temporibus quis facilis. Consequatur est itaque similique qui molestiae inventore saepe. Laudantium voluptas eaque est voluptatem labore. Totam enim delectus saepe aut illo quo veritatis.',4,'2018-03-28 05:22:03','2018-03-28 05:22:03'),
	(247,74,'Quincy Beier PhD','Mollitia voluptatum qui vero est quia. Unde qui illo porro similique. Eum ut nisi tempore quibusdam est iste quo sunt. Accusantium at dolorem nemo cumque inventore accusantium.',1,'2018-03-28 05:22:03','2018-03-28 05:22:03'),
	(248,118,'Prof. Leon Considine MD','Aliquid rerum excepturi tenetur porro ipsum. Ut vitae nisi sint aspernatur illo. Quibusdam totam delectus ipsum qui asperiores velit.',4,'2018-03-28 05:22:03','2018-03-28 05:22:03'),
	(249,51,'Braeden Johnston I','Quibusdam perspiciatis est et sed numquam est illo id. Rerum occaecati reiciendis perspiciatis impedit. Vel voluptas facere sint mollitia. Tempore est nulla iure ut tempore.',2,'2018-03-28 05:22:03','2018-03-28 05:22:03'),
	(250,153,'Dr. Micah Smith DDS','Ea voluptas maiores repudiandae vitae autem dolore voluptas. Ea repellat reprehenderit tempore. Et reprehenderit earum aut at.',2,'2018-03-28 05:22:03','2018-03-28 05:22:03'),
	(251,28,'Celestino Murray III','Ad ducimus pariatur quo perspiciatis at ut voluptates illum. Quisquam animi aut dolor eius unde repellendus. Nobis sunt perspiciatis quia unde dolorem repellendus. Sed temporibus magnam earum culpa et quibusdam odio consectetur.',4,'2018-03-28 05:22:03','2018-03-28 05:22:03'),
	(252,58,'Santina Greenfelder','At deleniti voluptates placeat vel iusto quia. Facere eligendi qui officiis quo ut eligendi repellat. At nostrum incidunt perferendis ad ducimus voluptate. Et ea suscipit corrupti aut accusamus adipisci quia.',1,'2018-03-28 05:22:03','2018-03-28 05:22:03'),
	(253,78,'Cleora Bailey','Et ut enim consequatur qui est. Rerum voluptate dignissimos occaecati deleniti corrupti maiores qui. Aut laboriosam animi quo similique ut qui doloribus. Qui distinctio iste non sed nostrum est.',4,'2018-03-28 05:22:03','2018-03-28 05:22:03'),
	(254,190,'Trudie Hauck','Odit sit quod nam quis eveniet qui. Quo debitis et sed eos reprehenderit corporis. Id praesentium facere qui necessitatibus corporis.',2,'2018-03-28 05:22:03','2018-03-28 05:22:03'),
	(255,30,'Raymond Swift','Quod temporibus deleniti minima blanditiis impedit. Excepturi soluta explicabo voluptas quia exercitationem. Incidunt et sed aut quisquam qui.',4,'2018-03-28 05:22:03','2018-03-28 05:22:03'),
	(256,160,'Muriel Stoltenberg','Reprehenderit itaque dolorem aut reiciendis. Non ducimus molestiae unde fuga quas eum voluptate qui. Explicabo possimus eius et voluptates dolores. Eaque quo sed voluptas corrupti.',1,'2018-03-28 05:22:03','2018-03-28 05:22:03'),
	(257,108,'Dr. Edward Dickinson I','Reiciendis qui occaecati vitae voluptatem et sit. Beatae impedit autem voluptates aspernatur sed ad. Corrupti distinctio porro aut ut est.',2,'2018-03-28 05:22:03','2018-03-28 05:22:03'),
	(258,114,'Hadley Schulist','Nisi non facilis dolores mollitia delectus. Voluptatem earum dolores omnis ut qui eos. Commodi ut incidunt et. Non maxime eaque maiores molestiae.',4,'2018-03-28 05:22:03','2018-03-28 05:22:03'),
	(259,48,'Ressie Krajcik','Sed in eum nemo quasi qui. Quia quae ea et in. Dolorum et omnis molestiae quod itaque rem. Sit tempora deleniti qui possimus.',0,'2018-03-28 05:22:03','2018-03-28 05:22:03'),
	(260,68,'Alisha Crooks','Aspernatur porro dignissimos aut placeat ipsam. Qui assumenda minima nemo sunt. Ut ut ullam omnis at.',4,'2018-03-28 05:22:03','2018-03-28 05:22:03'),
	(261,140,'Dr. Rowland Daugherty','In aliquid et ipsam fugit velit aut. Eligendi cum sed porro laudantium qui. Repudiandae eos laborum voluptas quod qui facilis natus.',1,'2018-03-28 05:22:03','2018-03-28 05:22:03'),
	(262,46,'Mrs. Melyna Schuster DVM','Quasi et dolores et facilis nesciunt suscipit illo. Expedita vel voluptatibus modi est sequi. Possimus iure ut neque quis ut.',2,'2018-03-28 05:22:03','2018-03-28 05:22:03'),
	(263,78,'Ms. Fabiola Kozey','Voluptate quaerat sunt voluptatibus. Laudantium esse dignissimos quia. Quia quia praesentium et quo nisi ea.',5,'2018-03-28 05:22:03','2018-03-28 05:22:03'),
	(264,42,'Berta Klein II','Aut voluptas quia sapiente qui ut earum. Qui itaque eaque quis et voluptatem placeat. Nihil ut reiciendis laboriosam repudiandae harum aliquid aut nostrum. Aut quod omnis provident sint non impedit.',4,'2018-03-28 05:22:03','2018-03-28 05:22:03'),
	(265,169,'Laurianne Rippin','Perspiciatis dolorem odio aut et. Rerum accusamus voluptas aut animi ut adipisci. Enim saepe occaecati veniam dolores alias error.',5,'2018-03-28 05:22:03','2018-03-28 05:22:03'),
	(266,186,'Austin Jacobson','Dolorem illum omnis eius ratione ullam. Sunt cum dolores corrupti sit. Molestiae nisi repudiandae voluptatem possimus fuga numquam. Quia et aperiam veniam sed iure.',4,'2018-03-28 05:22:03','2018-03-28 05:22:03'),
	(267,189,'Dr. Katelynn Nader IV','Debitis ut ut id iure necessitatibus voluptatem et. Repellendus ut excepturi reiciendis et ut possimus itaque. Ab iure nulla recusandae. Quia assumenda quo commodi corporis aut doloremque.',2,'2018-03-28 05:22:03','2018-03-28 05:22:03'),
	(268,91,'Stacey Leuschke','Quia ut et amet est qui cupiditate et. Corrupti ullam autem rerum et vero aut. Vitae ullam et impedit. Quam asperiores quia deserunt aut voluptatem aspernatur consequatur.',3,'2018-03-28 05:22:03','2018-03-28 05:22:03'),
	(269,227,'Jovan Watsica','Praesentium aut et ad debitis. Expedita placeat iusto nesciunt reiciendis ea mollitia. Et ut voluptas id dolores et nemo.',4,'2018-03-28 05:22:03','2018-03-28 05:22:03'),
	(270,184,'Matilda Batz','Velit rem odit ex quia. Tenetur fugiat nesciunt omnis voluptate. Non facere dolore aliquam error veritatis hic.',2,'2018-03-28 05:22:03','2018-03-28 05:22:03'),
	(271,105,'Mr. Cory Leannon III','Aut tempora harum ea inventore sint dolores qui veniam. Pariatur excepturi quis adipisci praesentium consectetur iure eaque. Nobis laborum enim id vel dolorum eligendi repudiandae. Voluptas non consectetur nobis minus laborum voluptas quia.',2,'2018-03-28 05:22:03','2018-03-28 05:22:03'),
	(272,227,'Florence Donnelly','Velit praesentium aspernatur quis officiis sed. Fugiat ut distinctio suscipit consectetur molestiae. Odio dolor facere officia rem doloremque qui.',1,'2018-03-28 05:22:03','2018-03-28 05:22:03'),
	(273,48,'Annabelle Rosenbaum II','Laborum ipsum in deleniti at nulla culpa. Ut enim expedita ipsam sapiente veniam. Maxime repellendus debitis reiciendis similique. Non dolore voluptatem corporis dolores delectus.',0,'2018-03-28 05:22:03','2018-03-28 05:22:03'),
	(274,206,'Shaina Hoeger','Est non nesciunt pariatur quis recusandae dolorem voluptatem. Velit voluptas ut ad et et aspernatur qui. Voluptatem ut voluptatum maxime praesentium ut eum dolor aut. Consequatur et autem minima fugit non. Quibusdam eius aut numquam magni.',0,'2018-03-28 05:22:03','2018-03-28 05:22:03'),
	(275,186,'Douglas Bauch','Harum totam fugiat quisquam praesentium. Quibusdam perspiciatis ut a a rerum perspiciatis. Saepe et aut id quia accusamus fuga.',5,'2018-03-28 05:22:03','2018-03-28 05:22:03'),
	(276,229,'Elwyn Connelly','Harum aperiam non amet sint eum. Vel animi sunt molestiae in. Non sint quis voluptas debitis quis culpa.',5,'2018-03-28 05:22:03','2018-03-28 05:22:03'),
	(277,154,'Prof. Kelsi Harvey III','Consequatur ea inventore numquam. Sit harum qui dolore explicabo. Earum vel asperiores sed ab incidunt facere rerum. Placeat facere nobis dolorem reiciendis.',3,'2018-03-28 05:22:03','2018-03-28 05:22:03'),
	(278,49,'Terry Fadel','Qui numquam repellat aut architecto. Et iusto a cupiditate id qui. Et officia laudantium expedita est rerum voluptas.',4,'2018-03-28 05:22:03','2018-03-28 05:22:03'),
	(279,28,'May Hills','Soluta dolorum nulla atque dicta ea dolorem. Et distinctio voluptas architecto et eligendi. Ut vel commodi provident adipisci fugiat animi.',4,'2018-03-28 05:22:03','2018-03-28 05:22:03'),
	(280,99,'Arch Walker','Accusamus inventore quos vel doloribus. Ea ut voluptatem ut et quia eius libero. Eum aut ut dolorem voluptatum magni omnis laboriosam.',1,'2018-03-28 05:22:03','2018-03-28 05:22:03'),
	(281,154,'Prof. Chase Roberts DDS','Odit iste unde exercitationem nobis placeat voluptas. At fugit quo autem animi sequi consequuntur optio dicta. Voluptatem fuga ducimus molestias doloribus amet. Odio soluta quidem doloremque dolorum ratione molestias non. Sunt ut vitae reprehenderit suscipit sed corporis dolorum.',3,'2018-03-28 05:22:03','2018-03-28 05:22:03'),
	(282,86,'Rebeka Botsford','Totam nam hic incidunt recusandae. Non sit aliquam ratione. Numquam nemo totam accusamus nam. Quas corrupti provident minima molestiae culpa.',3,'2018-03-28 05:22:03','2018-03-28 05:22:03'),
	(283,217,'Prof. Marley Dickens DVM','Deleniti dolorem excepturi dolorem corporis. Deserunt voluptatem necessitatibus et non debitis. Et facere ab id quia. Commodi eveniet odit modi accusamus ut velit.',4,'2018-03-28 05:22:03','2018-03-28 05:22:03'),
	(284,28,'Sammy Lang','Doloremque sit labore vel. Officia sit quia praesentium sunt id voluptates. Vel eius sit quia rerum ea atque autem est.',3,'2018-03-28 05:22:03','2018-03-28 05:22:03'),
	(285,62,'Erna Breitenberg IV','Perspiciatis ipsam ea quaerat qui quo atque. Dolores odio aut eos corrupti. Nihil rem odit facere veritatis. Eum dolore voluptas commodi iste. Ratione laboriosam iure quis similique harum cupiditate.',5,'2018-03-28 05:22:03','2018-03-28 05:22:03'),
	(286,80,'Miss Glenda Blick','Deleniti dolores omnis quidem est similique ipsam ducimus amet. Dolorum aspernatur quis deleniti possimus libero. Est veniam aut illo aut. Quia nemo ut occaecati. Dolorem veniam ea ab suscipit consequuntur nam voluptatem quos.',5,'2018-03-28 05:22:03','2018-03-28 05:22:03'),
	(287,202,'Alvis Baumbach','Voluptas perferendis in corporis ut. Libero omnis consequuntur blanditiis consequatur illum. Ab doloribus est minima itaque quisquam magni eius facilis.',4,'2018-03-28 05:22:03','2018-03-28 05:22:03'),
	(288,162,'Prof. Kelley Wolff','In ad sint culpa laudantium repellat veritatis error. Minima omnis eos omnis repellendus molestias aut corporis perspiciatis. Nihil labore blanditiis mollitia.',3,'2018-03-28 05:22:03','2018-03-28 05:22:03'),
	(289,247,'Ms. Danielle DuBuque MD','Hic cumque dolores non omnis nostrum eum. Qui perspiciatis cumque distinctio id repudiandae magnam. Autem blanditiis nobis quasi aut veniam.',5,'2018-03-28 05:22:03','2018-03-28 05:22:03'),
	(290,108,'Katlyn O\'Conner','Distinctio nemo vel dolor est facere. Aut dicta velit dolor. Non nostrum est dolorum nisi sed. Nobis modi eius hic pariatur illum eos alias cumque. Maiores voluptatem et qui ipsa dolorem.',3,'2018-03-28 05:22:03','2018-03-28 05:22:03'),
	(291,187,'Sammy Considine','Est omnis voluptates ex. Libero animi assumenda rem totam aliquid.',0,'2018-03-28 05:22:03','2018-03-28 05:22:03'),
	(292,208,'Edna Koch','Perspiciatis sint placeat perspiciatis est inventore ad consequuntur eligendi. Et nemo ea sapiente eos. Eius natus dolorum voluptas impedit omnis ipsa. A omnis voluptates dolore consequatur rem impedit.',2,'2018-03-28 05:22:03','2018-03-28 05:22:03'),
	(293,216,'Ashlynn Konopelski','Debitis illo nesciunt error voluptas sapiente fugit. Temporibus sit aut fugiat cumque voluptatem laboriosam ducimus. Harum et iure odio optio quam consequatur. Eum in consectetur praesentium dicta.',0,'2018-03-28 05:22:03','2018-03-28 05:22:03'),
	(294,48,'Cody Little V','Sint tempore quia voluptas amet voluptas maxime. Asperiores atque sunt iste ducimus odit. Consequatur vel amet sunt itaque consequuntur.',0,'2018-03-28 05:22:03','2018-03-28 05:22:03'),
	(295,145,'Warren Considine','Temporibus et eaque architecto reiciendis beatae reiciendis ea incidunt. Aliquid molestiae excepturi unde ad. Ut vitae vitae facere id quasi aut delectus.',5,'2018-03-28 05:22:03','2018-03-28 05:22:03'),
	(296,216,'Magnus Stokes Jr.','Odit magni facilis minus nostrum perspiciatis et ut. Quibusdam tempora voluptatem iure omnis. Quo cum provident repellat enim autem rerum. Sunt commodi id error provident debitis consequatur eos.',3,'2018-03-28 05:22:03','2018-03-28 05:22:03'),
	(297,55,'Gail Barrows','Veritatis qui nostrum rem nobis omnis. Tempore asperiores accusamus neque non adipisci autem nisi. Ut omnis aliquid eveniet illo est dolore dolor harum. Tenetur totam fuga similique odio deserunt deleniti corrupti. Voluptatem animi et eos in et.',0,'2018-03-28 05:22:03','2018-03-28 05:22:03'),
	(298,247,'Michale Cruickshank Jr.','Ea quaerat vel repellendus. Omnis distinctio ipsa dicta consectetur illum. Natus consequuntur iste necessitatibus natus. Pariatur impedit doloribus harum ea harum aliquid illum. Ipsam ut aut quos sint soluta.',1,'2018-03-28 05:22:03','2018-03-28 05:22:03'),
	(299,204,'Wendy Shields','Ut asperiores quaerat dicta non labore. Ut velit voluptatem culpa. Distinctio ex assumenda et in.',4,'2018-03-28 05:22:03','2018-03-28 05:22:03'),
	(300,130,'Dr. Stephen Haley I','Iusto atque quae atque rerum nisi. Recusandae vitae voluptas laudantium sequi eos molestiae quas repellendus. Repellat optio minima labore error non et voluptas.',1,'2018-03-28 05:22:03','2018-03-28 05:22:03');

/*!40000 ALTER TABLE `reviews` ENABLE KEYS */;
UNLOCK TABLES;


# テーブルのダンプ users
# ------------------------------------------------------------

DROP TABLE IF EXISTS `users`;

CREATE TABLE `users` (
  `id` int(10) unsigned NOT NULL AUTO_INCREMENT,
  `name` varchar(191) COLLATE utf8mb4_unicode_ci NOT NULL,
  `email` varchar(191) COLLATE utf8mb4_unicode_ci NOT NULL,
  `password` varchar(191) COLLATE utf8mb4_unicode_ci NOT NULL,
  `remember_token` varchar(100) COLLATE utf8mb4_unicode_ci DEFAULT NULL,
  `created_at` timestamp NULL DEFAULT NULL,
  `updated_at` timestamp NULL DEFAULT NULL,
  PRIMARY KEY (`id`),
  UNIQUE KEY `users_email_unique` (`email`)
) ENGINE=InnoDB DEFAULT CHARSET=utf8mb4 COLLATE=utf8mb4_unicode_ci;




/*!40111 SET SQL_NOTES=@OLD_SQL_NOTES */;
/*!40101 SET SQL_MODE=@OLD_SQL_MODE */;
/*!40014 SET FOREIGN_KEY_CHECKS=@OLD_FOREIGN_KEY_CHECKS */;
/*!40101 SET CHARACTER_SET_CLIENT=@OLD_CHARACTER_SET_CLIENT */;
/*!40101 SET CHARACTER_SET_RESULTS=@OLD_CHARACTER_SET_RESULTS */;
/*!40101 SET COLLATION_CONNECTION=@OLD_COLLATION_CONNECTION */;
